taxon	accession	organism	strain	collection_year	host	collection_location	collection_continent	serogroup
ADH04745|La_Crosse_virus	ADH04745	La Crosse virus	LACV/95/WV-H	1995	Homo sapiens	USA: West Virginia	North America	California
ABQ12631|La_Crosse_virus	ABQ12631	La Crosse virus	LACV/human/1960	1960	NA	USA: Minnesota	North America	California
AAA62607|La_Crosse_virus	AAA62607	La Crosse virus	La Crosse/original	NA	NA	USA	North America	California
ADH04737|La_Crosse_virus	ADH04737	La Crosse virus	LACV/67/NY-M (67-8109)	1967	mosquito	USA: New York	North America	California
AAO33758|La_Crosse_virus	AAO33758	La Crosse virus	La Crosse/original	NA	NA	USA	North America	California
ADE28878|La_Crosse_virus	ADE28878	La Crosse virus	SVP_Vernon_WI_2006	2006	Aedes triseriatus (mosquito)	"USA: Vernon, WI"	North America	California
Q8JPR2|La_Crosse_virus_L78	Q8JPR2	La Crosse virus						California
ABQ12635|La_Crosse_virus	ABQ12635	La Crosse virus	LACV/human/1978	1978	NA	USA: Wisconsin	North America	California
AAM94387|La_Crosse_virus	AAM94387	La Crosse virus	Human/78	1978	NA	USA	North America	California
ADE28876|La_Crosse_virus	ADE28876	La Crosse virus	BEN_Lafayette_WI_2007	2007	Aedes triseriatus (mosquito)	"USA: Lafayette, WI"	North America	California
ADE28880|La_Crosse_virus	ADE28880	La Crosse virus	CGA_Houston_MN_2007	2007	Aedes triseriatus (mosquito)	"USA: Houston, MN"	North America	California
ADH04743|La_Crosse_virus	ADH04743	La Crosse virus	LACV/93/MO-H	1993	Homo sapiens	USA: Missouri	North America	California
AKP04423|La_Crosse_virus	AKP04423	La Crosse virus	NA	2012	Aedes triseriatus	USA	North America	California
AKP04421|La_Crosse_virus	AKP04421	La Crosse virus	NA	2012	Aedes triseriatus	USA	North America	California
WBW48511|La_Crosse_virus	WBW48511	La Crosse virus						California
ADH04744|La_Crosse_virus	ADH04744	La Crosse virus	LACV/95/OH-H (CCH-MB96)	1995	Homo sapiens	USA: Ohio	North America	California
ADH04748|La_Crosse_virus	ADH04748	La Crosse virus	LACV/65/OH-M (W17258)	1965	mosquito	USA: Ohio	North America	California
ADH04747|La_Crosse_virus	ADH04747	La Crosse virus	LACV/97/NC-M (NC97-7306)	1997	mosquito	USA: North Carolina	North America	California
ADE28879|La_Crosse_virus	ADE28879	La Crosse virus	NAT_Crawford_WI_2006	2006	Aedes triseriatus (mosquito)	"USA: Crawford, WI"	North America	California
ADE28877|La_Crosse_virus	ADE28877	La Crosse virus	NAT_Crawford_WI_2007	2007	Aedes triseriatus (mosquito)	"USA: Crawford, WI"	North America	California
ABB05227|La_Crosse_virus	ABB05227	La Crosse virus	77	1977	NA	USA	North America	California
A5HC98|La_Crosse_virus	A5HC98	La Crosse virus						California
ABQ12639|La_Crosse_virus	ABQ12639	La Crosse virus	LACV/mosquito/1978	1978	NA	USA: North Carolina	North America	California
ADH04736|La_Crosse_virus	ADH04736	La Crosse virus	LACV/00/NC-M (NC00-283)	2000	mosquito	USA: North Carolina	North America	California
ADH04739|La_Crosse_virus	ADH04739	La Crosse virus	LACV/06/NY(3)-M (06MS270036)	2006	mosquito	USA: New York	North America	California
ADH04738|La_Crosse_virus	ADH04738	La Crosse virus	LACV/06/NY(1)-M (06MS2900303)	2006	mosquito	USA: New York	North America	California
ADH04735|La_Crosse_virus	ADH04735	La Crosse virus	LACV/06/NY(2)-M (06MS350140)	2006	mosquito	USA: New York	North America	California
ADH04746|La_Crosse_virus	ADH04746	La Crosse virus	LACV/03/NY-M (41030016)	2003	mosquito	USA: New York	North America	California
ADH04741|La_Crosse_virus	ADH04741	La Crosse virus	LACV/96/WV-M (WV96-3955)	1996	mosquito	USA: West Virginia	North America	California
ADH04740|La_Crosse_virus	ADH04740	La Crosse virus	LACV/00/WV-M (WV00-3178)	2000	mosquito	USA: West Virginia	North America	California
ADH04742|La_Crosse_virus	ADH04742	La Crosse virus	LACV/74/NY-M (74-32813)	1974	mosquito	USA: New York	North America	California
ADG01816|La_Crosse_virus	ADG01816	La Crosse virus	Fort Bend County/TX/2009	2009	Aedes sp.	"USA: Fort Bend County, TX"	North America	California
ADG01815|La_Crosse_virus	ADG01815	La Crosse virus	Dallas/TX/2009	2009	Aedes albopictus	"USA: Dallas, TX"	North America	California
AHI87734|Chatanga_virus	AHI87734	Chatanga virus	Mohko S07-2	2007	NA	Finland	Europe	California
AHI87725|Chatanga_virus	AHI87725	Chatanga virus	Mohko M07-1	2007	NA	Finland	Europe	California
AHI87731|Chatanga_virus	AHI87731	Chatanga virus	Mohko M07-2-84	2007	NA	Finland	Europe	California
AHI87728|Chatanga_virus	AHI87728	Chatanga virus	Mohko M07-2-83	2007	NA	Finland	Europe	California
ANW09507|Chatanga_virus	ANW09507	Chatanga virus	LEIV-11430Kar	1985	Aedes communis (mosquito)	Russia: Karelia	Europe	California
ANW09504|Chatanga_virus	ANW09504	Chatanga virus	LEIV-10944Vol	1985	Aedes sp. (mosquito)	Russia: Vologda district	Europe	California
AHI87722|Chatanga_virus	AHI87722	Chatanga virus	Mohko ILO8-3	2008	NA	Finland	Europe	California
AEK05551|Chatanga_virus	AEK05551	Chatanga virus	LEIV-15854	NA	Aedes sp. (mosquito)	Russia: Komi republic	Europe	California
ANW09513|Chatanga_virus	ANW09513	Chatanga virus	LEIV-12812Kln	1986	Aedes sp. (mosquito)	Russia: Tver district	Europe	California
ANW09522|Chatanga_virus	ANW09522	Chatanga virus	LEIV-18739Yak	1988	Aedes sp. (mosquito)	Russia: Yakutsk district	Europe	California
AEK05550|Chatanga_virus	AEK05550	Chatanga virus	LEIV-18733	NA	Aedes nigripes (mosquito)	Russia: Yakutia	Europe	California
ANW09519|Chatanga_virus	ANW09519	Chatanga virus	LEIV-17835Yak	1988	Aedes sp. (mosquito)	Russia: Yakutsk district	Europe	California
ANW09516|Chatanga_virus	ANW09516	Chatanga virus	LEIV-13262Kam	1987	Aedes vexans	Russia: Kamchatka	Europe	California
ACC77564|Chatanga_virus	ACC77564	Chatanga virus	LEIV-17756	1988	Aedes sp.	Russia: Iakutia Republic	Asia	California
AEK05552|Chatanga_virus	AEK05552	Chatanga virus	LEIV-22712	NA	Aedes communis (mosquito)	Russia: Tyumen region	Europe	California
ABW87611|Snowshoe_hare_virus	ABW87611	Snowshoe hare virus	NA	1959	Lepus americanus	USA: Montana	North America	California
QCF29637|Snowshoe_hare_virus	QCF29637	Snowshoe hare virus	Mass Hockomock	1969	Ochlerotatus canadensis	"USA: Massachusetts, Hockomock Swamp"	North America	California
APA28989|San_Angelo_virus	APA28989	San Angelo virus	20230	1958	Anopheles pseudopunctipennis	USA: Texas	North America	California
APA29013|California_encephalitis_virus	APA29013	California encephalitis virus	BFS 283	1943	Aedes dorsalis	USA: California	North America	California
AEH02867|Tahyna_virus	AEH02867	Tahyna virus	prototype Bardos 92	1958	Aedes caspius (mosquito)	Slovakia	Europe	California
ADQ08673|Tahyna_virus	ADQ08673	Tahyna virus	22595-6	1984	NA	Czechoslovakia	Europe	California
ADQ08671|Tahyna_virus	ADQ08671	Tahyna virus	Prototype '92' Bardos	1958	Aedes caspius	Czechoslovakia	Europe	California
ADQ08670|Tahyna_virus	ADQ08670	Tahyna virus	Prototype '92' Bardos	1958	Aedes caspius	Czechoslovakia	Europe	California
UEE94601|Tahyna_orthobunyavirus	UEE94601	Tahyna orthobunyavirus	Austria/OadD806/2019	2019	Aedes vexans	"Austria: Lower Austria, Rohrau"	Europe	California
AGZ03707|Tahyna_virus	AGZ03707	Tahyna virus	236	1958	Aedes vexans	Czechoslovakia	Europe	California
AGZ03706|Tahyna_virus	AGZ03706	Tahyna virus	181/57	1962	NA	Czechoslovakia	Europe	California
AGZ03705|Tahyna_virus	AGZ03705	Tahyna virus	181	1962	Aedes vexans	Czechoslovakia	Europe	California
AGZ03703|Tahyna_virus	AGZ03703	Tahyna virus	89	1963	Aedes vexans	Czechoslovakia	Europe	California
AGZ03708|Tahyna_virus	AGZ03708	Tahyna virus	1014	1964	Aedes vexans	Czechoslovakia	Europe	California
AGZ03704|Tahyna_virus	AGZ03704	Tahyna virus	94	1963	Aedes cantans	Czechoslovakia	Europe	California
UEE94602|Tahyna_orthobunyavirus	UEE94602	Tahyna orthobunyavirus	Austria/OadD823/2019	2019	Aedes vexans	"Austria: Lower Austria, Rohrau"	Europe	California
AGZ03709|Tahyna_virus	AGZ03709	Tahyna virus	4020	1966	Aedes vexans	Czechoslovakia	Europe	California
AGZ03711|Tahyna_virus	AGZ03711	Tahyna virus	4057	1966	Aedes vexans	Czechoslovakia	Europe	California
AGZ03701|Tahyna_virus	AGZ03701	Tahyna virus	29	1963	Aedes vexans	Czechoslovakia	Europe	California
UWW10802|Tahyna_virus	UWW10802	Tahyna virus						California
AGZ03702|Tahyna_virus	AGZ03702	Tahyna virus	76	1963	Aedes vexans	Czechoslovakia	Europe	California
AGZ03710|Tahyna_virus	AGZ03710	Tahyna virus	4034	1966	Aedes vexans	Czechoslovakia	Europe	California
ADQ08672|Tahyna_virus	ADQ08672	Tahyna virus	Souche D C14019-29	1968	NA	France	Europe	California
AEH02872|Tahyna_virus	AEH02872	Tahyna virus	XJ0710	2007	Aedes vexans	China	Asia	California
AEH02868|Tahyna_virus	AEH02868	Tahyna virus	XJ0708	2007	Aedes vexans	China	Asia	California
ACF72885|Tahyna_virus	ACF72885	Tahyna virus	XJ0625	2006	Culex sp. (mosquito)	China	Asia	California
AVR54980|Chatanga_virus	AVR54980	Chatanga virus	LEIV-25152	1991	Aedes sp.	Russia: region Altai	Europe	California
ANW09510|Chatanga_virus	ANW09510	Chatanga virus	LEIV-21845Kra	1989	Aedes sp. (mosquito)	Russia: Krasnoyarsk district	Europe	California
APA28997|Lumbo_virus	APA28997	Lumbo virus	SAAr 1881	1962	Aedes pembaensis	Mozambique	Africa	California
QRX38891|Jamestown_Canyon_virus	QRX38891	Jamestown Canyon virus	JCV_B155_Cortex_FFPE_L	2018	Homo sapiens	USA	North America	California
QRX38890|Jamestown_Canyon_virus	QRX38890	Jamestown Canyon virus	JCV_B155_Cortex_frozen_L	2018	Homo sapiens	USA	North America	California
QRX38892|Jamestown_Canyon_virus	QRX38892	Jamestown Canyon virus	JCV_B155_Cerebellum_frozen_L	2018	Homo sapiens	USA	North America	California
QRX38893|Jamestown_Canyon_virus	QRX38893	Jamestown Canyon virus	JCV_B155_Cerebellum_FFPE_L	2018	Homo sapiens	USA	North America	California
QRX38889|Jamestown_Canyon_virus	QRX38889	Jamestown Canyon virus	JCV_B155_CSF_L	2018	Homo sapiens	USA	North America	California
ADK36671|Jamestown_Canyon_virus	ADK36671	Jamestown Canyon virus	520198	2004	Ochlerotatus canadensis	USA	North America	California
AXZ96242|Jamestown_Canyon_virus	AXZ96242	Jamestown Canyon virus	MN256-260	1979	Aedes sp.	Canada: Manitoba	North America	California
APA29009|Jamestown_Canyon_virus	APA29009	Jamestown Canyon virus	61V2235	1961	Culiseta inornata	USA: Colorado	North America	California
ADK36669|Jamestown_Canyon_virus	ADK36669	Jamestown Canyon virus	61V2235	1961	Culiseta inornata	USA	North America	California
QCF29631|Jamestown_Canyon_virus	QCF29631	Jamestown Canyon virus	NM5-4BU	1977	Culiseta inornata	USA: New Mexico	North America	California
ANW09486|Inkoo_virus	ANW09486	Inkoo virus	LEIV-15248Iv	1973	Aedes sp. (mosquito)	Russia: Ivanovo district	Europe	California
AOS59868|Inkoo_virus	AOS59868	Inkoo virus	Lovanger	2015	Ochlerotatus communis; adult mosquito	Sweden: Vasterbotten	Europe	California
ACF10362|Inkoo_virus	ACF10362	Inkoo virus	KN3641	1964	Aedes communis (punctor mosquito)	Finland	Europe	California
ANW09501|Inkoo_virus	ANW09501	Inkoo virus	LEIV-21643Kra	1989	Aedes sp. (mosquito)	Russia: Krasnoyarsk district	Europe	California
ANW09498|Inkoo_virus	ANW09498	Inkoo virus	LEIV-18152Yak	1988	Aedes nigripes (mosquito)	Russia: Yakutsk district	Europe	California
ANW09489|Inkoo_virus	ANW09489	Inkoo virus	LEIV-18154Yak	1989	Aedes sp. (mosquito)	Russia: Yakutsk district	Europe	California
ANW09495|Inkoo_virus	ANW09495	Inkoo virus	LEIV-22780Tyum	1990	Aedes sp. (mosquito)	Russia: Tyumen district	Europe	California
QEI47191|Jamestown_Canyon_virus	QEI47191	Jamestown Canyon virus	16/MA/01	2016	Ochlerotatus canadensis	"USA: Bristol County, Massachusetts"	North America	California
AXZ96238|Jamestown_Canyon_virus	AXZ96238	Jamestown Canyon virus	L36708	1966	Ochlerotatus abserratus	"USA: Simsbury, CT"	North America	California
ADK36670|Jamestown_Canyon_virus	ADK36670	Jamestown Canyon virus	611112	2003	Ochlerotatus abserratus	USA	North America	California
APA29005|Jerry_Slough_virus	APA29005	Jerry Slough virus	BFS 4474	1963	Culiseta inornata	USA: California	North America	California
APA28981|South_River_virus	APA28981	South River virus	NJO-94F	1960	Anopheles crucians	USA: New Jersey	North America	California
QYJ10037|Keystone_virus	QYJ10037	Keystone virus						California
QYJ10034|Keystone_virus	QYJ10034	Keystone virus	KEYV/mosquito/St. John's County-FL-2/2019	2019	Ochlerotatus atlanticus; female	"USA: St. John's County, Florida"	North America	California
QYJ10036|Keystone_virus	QYJ10036	Keystone virus	KEYV/mosquito/St. John's County-FL-4/2019	2019	Ochlerotatus atlanticus; female	"USA: St. John's County, Florida"	North America	California
QYJ10035|Keystone_virus	QYJ10035	Keystone virus	KEYV/mosquito/St. John's County-FL-3/2019	2019	Ochlerotatus atlanticus; female	"USA: St. John's County, Florida"	North America	California
AXY55025|Keystone_virus	AXY55025	Keystone virus	AR14033	2016	Culex sp.	USA: Texas	North America	California
AXY55018|Keystone_virus	AXY55018	Keystone virus	AVA1709441	2017	Culex sp.	"USA: Orange county, Texas"	North America	California
QLI33838|Keystone_virus	QLI33838	Keystone virus	KEYV/mosquito/St. John's County-FL/2019	2019	Ochlerotatus atlanticus (tormentor mosquitoes)	USA	North America	California
AWK60687|Keystone_virus	AWK60687	Keystone virus	KEYV/Homo sapiens/Gainesville-1/2016	2016	Homo sapiens	USA	North America	California
ALD52502|Keystone_virus	ALD52502	Keystone virus	KEYV/Ochlerotatus atlanticus/USA/KEYVLK01/2005	2005	Ochlerotatus atlanticus	"USA: Sarasota County, FL"	North America	California
ALD52506|Keystone_virus	ALD52506	Keystone virus	KEYV/Ochlerotatus atlanticus/USA/KEYVLK02/2005	2005	Ochlerotatus atlanticus	"USA: Sarasota County, FL"	North America	California
APA29001|Keystone_virus	APA29001	Keystone virus	B64-5587.05	1964	Ochlerotatus cf. atlanticus/tormentor	USA: Florida	North America	California
APA28985|Serra_do_Navio_virus	APA28985	Serra do Navio virus	BeAr 103645	1966	Aedes fulvus	Brazil: Ampa	South America	California
QIM58238|Melao_virus	QIM58238	Melao virus						California
QIM58239|Melao_virus	QIM58239	Melao virus						California
APA28993|Melao_virus	APA28993	Melao virus	TRVL 9375	1955	Ochlerotatus scapularis	Trinidad and Tobago	South America	California
QIM41040|Melao_virus	QIM41040	Melao virus	MV/Homo sapiens/Haiti-1/2014	2014	Homo sapiens	Haiti	South America	California
QIM58240|Melao_virus	QIM58240	Melao virus						California
ATI21270|Infirmatus_virus	ATI21270	Infirmatus virus	Tampa 08	2008	Aedes infirmatus	USA	North America	California
ATI21264|Achiote_virus	ATI21264	Achiote virus	PanAr 395145	1979	Aedes spp	Panama	South America	California
APA34119|Trivittatus_virus	APA34119	Trivittatus virus	AR42	2016	Aedes trivittatus	"USA: Denton County, Texas"	North America	California
ALI93835|Trivittatus_virus	ALI93835	Trivittatus virus	Eklund	1948	Aedes trivittatus	"USA: Bismarck, ND"	North America	California
UZT55194|Pongola_virus	UZT55194	Pongola virus						Bwamba
UZT55190|Pongola_virus	UZT55190	Pongola virus						Bwamba
UZT55187|Pongola_virus	UZT55187	Pongola virus						Bwamba
UZT55183|Pongola_virus	UZT55183	Pongola virus						Bwamba
AIN37017|Pongola_virus_-_SAAr1	AIN37017	Pongola virus - SAAr1						Bwamba
AIN37016|Pongola_virus_-_SAAr1	AIN37016	Pongola virus - SAAr1						Bwamba
AIN37019|Bwamba_orthobunyavirus	AIN37019	Bwamba orthobunyavirus	UgAr1888	1996	Anopheles funestus	Uganda	Africa	Bwamba
AIN37018|Bwamba_orthobunyavirus	AIN37018	Bwamba orthobunyavirus	M459	1937	Homo sapiens	Uganda	Africa	Bwamba
ATB53299|Gamboa_virus	ATB53299	Gamboa virus	GML438524	1987	Aedeomyia squamipennis	Panama	North America	Gamboa
ATB53298|Gamboa_virus	ATB53298	Gamboa virus	GML382716	1985	Aedeomyia squamipennis	Panama	North America	Gamboa
AMD82974|Gamboa_virus	AMD82974	Gamboa virus	GAM_122	2012	Aedeomyia squamipennis	"Panama: Central Panama, Soberania National Park"	North America	Gamboa
AMD82976|Gamboa_virus	AMD82976	Gamboa virus	GAM_131	2012	Aedeomyia squamipennis	"Panama: Central Panama, Soberania National Park"	North America	Gamboa
AIS74634|Gamboa_virus	AIS74634	Gamboa virus	GML 435718	1986	Aedeomyia squamipennis	Panama: Colon	North America	Gamboa
AIS74636|Gamboa_virus	AIS74636	Gamboa virus	MARU 10962	1962	Aedeomyia squamipennis	Panama: Panama State	North America	Gamboa
AMD82975|Gamboa_virus	AMD82975	Gamboa virus	GAM_130	2012	Aedeomyia squamipennis	"Panama: Central Panama, Soberania National Park"	North America	Gamboa
AMD82973|Gamboa_virus	AMD82973	Gamboa virus	GAM_118	2012	Aedeomyia squamipennis	"Panama: Central Panama, Soberania National Park"	North America	Gamboa
AIS74638|Alajuela_virus	AIS74638	Alajuela virus	MARU 11079	1963	Aedeomyia squamipennis	Panama: Panama State	North America	Gamboa
AIS74635|Gamboa_virus	AIS74635	Gamboa virus	GML 903023	1977	Aedeomyia squamipennis	Panama: Panama State	North America	Gamboa
ATB53297|Gamboa_virus	ATB53297	Gamboa virus	BeAr503385	1991	Aedeomyia squamipennis	Brazil	South America	Gamboa
ATB53296|Gamboa_virus	ATB53296	Gamboa virus	BeAr502380	1986	Aedeomyia squamipennis	Brazil	South America	Gamboa
AVG72380|Gamboa_virus	AVG72380	Gamboa virus	BeAn439546	1985	Columbidae	Brazil	South America	Gamboa
ATB53295|Gamboa_virus	ATB53295	Gamboa virus	BeAn448848	1986	Geotrygon montana	Brazil	South America	Gamboa
ATB53301|Gamboa_virus	ATB53301	Gamboa virus	TRVL61469	1964	Aedes sp.	Suriname	South America	Gamboa
QLA47036|San_Juan_virus	QLA47036	San Juan virus	75V446	1975	Aedeomyia squamipennis	Ecuador	South America	Gamboa
QLA46964|Gamboa_virus	QLA46964	Gamboa virus	75V20086	1975	Aedeomyia squamipennis	Ecuador	South America	Gamboa
QLA46897|Pueblo_Viejo_virus	QLA46897	Pueblo Viejo virus	E4-816	1974	Aedeomyia squamipennis	Ecuador	South America	Gamboa
ATB53300|Pueblo_Viejo_virus	ATB53300	Pueblo Viejo virus	75V-2621	1975	Aedeomyia squamipennis	Ecuador	South America	Gamboa
AIS74637|Calchaqui_virus	AIS74637	Calchaqui virus	AG 83-1347	1982	Aedeomyia squamipennis	Argentina: Santa Fe	South America	Gamboa
QCY54400|Umbre_virus	QCY54400	Umbre virus	NIV809365	1980	NA	"India: Muduvadi District, Karnataka State"	Asia	Turlock
AKO90167|Umbre_virus	AKO90167	Umbre virus	IG1424	1955	Culex bitaeniorhynchus	India	Asia	Turlock
QHA34169|Umbre_virus	QHA34169	Umbre virus	Marna	2019	Homo sapiens	France	Europe	Turlock
QHA34087|Umbre_virus	QHA34087	Umbre virus	IP	2017	Homo sapiens	France	Europe	Turlock
QCY54413|Umbre_virus	QCY54413	Umbre virus	NIV16283	1957	NA	"India: Sathuperi District, Tamil Nadu State"	Asia	Turlock
QCY54402|Umbre_virus	QCY54402	Umbre virus	NIV631308	1963	NA	"India: Vellore District, Tamil Nadu State"	Asia	Turlock
QLA46946|Lednice_virus	QLA46946	Lednice virus	6118	1963	Culex modestus	Czechoslovakia	Europe	Turlock
QFR36986|Lednice_virus	QFR36986	Lednice virus	6101	1972	Culex modestus	Czechoslovakia	Europe	Turlock
QFR36987|Lednice_virus	QFR36987	Lednice virus	6118	1972	Culex modestus	Czechoslovakia	Europe	Turlock
QFR36985|Lednice_virus	QFR36985	Lednice virus	110	1963	Culex modestus	Czechoslovakia	Europe	Turlock
QLA46939|M_Poko_virus	QLA46939	M_Poko virus	BA 365	1966	Culex sp.	Central African Republic	Africa	Turlock
QLA46842|Turlock_orthobunyavirus	QLA46842	Turlock orthobunyavirus	USA 847-32	1954	Culex tarsalis	USA	North America	Turlock
QLA47008|Wongal_virus	QLA47008	Wongal virus	MRM 168	1960	Culex annulirostris	Australia	Oceania	Koongol
AKO90161|Koongol_virus	AKO90161	Koongol virus	MRM31	1960	Culex annulirostris	Australia	Oceania	Koongol
WAD86869|Botambi_virus	WAD86869	Botambi virus						Bwamba
QLA46913|Nola_virus	QLA46913	Nola virus	DakAr B 2882	1970	Culex perfuscus	Central African Republic	Africa	Bakau
AKO90168|Witwatersrand_virus	AKO90168	Witwatersrand virus	SAAr 1062	1958	Culex rubinotus	South Africa	Africa	Ungrouped
QLA47022|Telok_Forest_virus	QLA47022	Telok Forest virus	MalP 72-4	1972	Macaca nemestrina	Malaysia	Asia	Tanjong Rabok
QLA47061|Ketapang_virus	QLA47061	Ketapang virus	MM 2549	1956	Culex (Lophoceraomyia) sp.	Malaysia	Asia	Bakau
QLA46995|Bakau_virus	QLA46995	Bakau virus	MM-2325	1956	Culexlophoceratomyia	Malaysia	Asia	Bakau
AQM74157|Wolkberg_virus	AQM74157	Wolkberg virus	2818_SA12	2013	NA	NA	NA	Nyando
AQM74139|Wolkberg_virus	AQM74139	Wolkberg virus	2562_SA3	2013	NA	NA	NA	Nyando
AQM74148|Wolkberg_virus	AQM74148	Wolkberg virus	2795_SA13	2013	NA	NA	NA	Nyando
AQM74166|Wolkberg_virus	AQM74166	Wolkberg virus	3264_SA19	2013	NA	NA	NA	Nyando
AQM74169|Wolkberg_virus	AQM74169	Wolkberg virus	SM910_SA7	2013	NA	NA	NA	Nyando
AQM74151|Wolkberg_virus	AQM74151	Wolkberg virus	2812_SA8	2013	NA	NA	NA	Nyando
AQM74154|Wolkberg_virus	AQM74154	Wolkberg virus	2813_SA6	2013	NA	NA	NA	Nyando
AQM74142|Wolkberg_virus	AQM74142	Wolkberg virus	2761_SA11	2013	NA	NA	NA	Nyando
AQM74160|Wolkberg_virus	AQM74160	Wolkberg virus	2824_SA2	2013	NA	NA	NA	Nyando
AQM74145|Wolkberg_virus	AQM74145	Wolkberg virus	2763_SA20	2013	NA	NA	NA	Nyando
AQM74163|Wolkberg_virus	AQM74163	Wolkberg virus	3011_SA14	2013	NA	NA	NA	Nyando
AJG39233|Wuhan_Louse_Fly_Virus_1	AJG39233	Wuhan Louse Fly Virus 1	BFJSC-10	2012	unidentified Hippoboscoidea	China	Asia	Nyando
WAU48777|Kaeng_Khoi_virus	WAU48777	Kaeng Khoi virus						Nyando
WAU48776|Kaeng_Khoi_virus	WAU48776	Kaeng Khoi virus						Nyando
AYF57697|Kaeng_Khoi_virus	AYF57697	Kaeng Khoi virus	WDBC1403	2014	Eucampsipoda sundaica	China	Asia	Nyando
WAU48775|Kaeng_Khoi_virus	WAU48775	Kaeng Khoi virus						Nyando
ASG81437|Kaeng_Khoi_virus	ASG81437	Kaeng Khoi virus	WDBC1210	2012	bat fly	China: Yunnan	Asia	Nyando
AIN37025|Kaeng_Khoi_virus	AIN37025	Kaeng Khoi virus	PSC-19	1969	Tadarida plicata	Thailand	Asia	Nyando
AIN37024|Mojui_dos_Campos_virus	AIN37024	Mojui dos Campos virus	BeAn276121	1976	bat(unknown species)	Brazil	South America	Nyando
QSV52391|Nyando_virus	QSV52391	Nyando virus	KW_S1_25175	2017	mosquito	Kenya	Africa	Nyando
AIN37023|Nyando_virus	AIN37023	Nyando virus	YM176-66	1966	Aedes sp.	Cameroon	Africa	Nyando
AIN37022|Nyando_virus	AIN37022	Nyando virus	ERET147	1963	Eretmapodites sp.	Ethiopia	Africa	Nyando
AIN37021|Nyando_virus	AIN37021	Nyando virus	UgAr1712	1996	Anopheles funestus	Uganda	Africa	Nyando
AIN37020|Nyando_virus	AIN37020	Nyando virus	MP401	1959	Anopheles funestus	Kenya	Africa	Nyando
QLA46988|Boraceia_virus	QLA46988	Boraceia virus	SPAr 395	1962	Anopheles cruzii	Brazil	South America	Anopheles B
QLA46985|Boraceia_virus	QLA46985	Boraceia virus	SPAr 4080	1965	Anopheles cruzii	Brazil	South America	Anopheles B
QLA46998|Anopheles_B_virus	QLA46998	Anopheles B virus	Original	1940	Anopheles boliviensis	Colombia	South America	Anopheles B
AZM68666|Triniti_virus	AZM68666	Triniti virus	BeAr800584	2014	Ochlerotatus fulvus	Brazil	South America	Ungrouped
AZM68665|Triniti_virus	AZM68665	Triniti virus	BeAn235467	1973	rodent	Brazil	South America	Ungrouped
AZM68667|Triniti_virus	AZM68667	Triniti virus	TVRl7994	1955	Trichoprosopon sp.	Trinidad and Tobago	South America	Ungrouped
QLA47057|Las_Maloyas_virus	QLA47057	Las Maloyas virus	AG80-24	1980	Anopheles albitarsis	Argentina	South America	Anopheles A
QLA46942|Lukuni_virus	QLA46942	Lukuni virus	ColAn 57389	1976	Vertebrate	Colombia	South America	Anopheles A
ATJ04174|Anopheles_A_virus	ATJ04174	Anopheles A virus	original	1940	Anopheles boliviensis	Colombia: Villavicencio Meta	South America	Anopheles A
AKO90162|Lukuni_virus	AKO90162	Lukuni virus	TRVL 10076	1955	Ochlerotatus scapularis	Trinidad and Tobago	South America	Anopheles A
ASY08212|Tacaiuma_orthobunyavirus	ASY08212	Tacaiuma orthobunyavirus	BeAr617554	1999	Haemagogus (Hag) janthinomys	Brazil	South America	Anopheles A
ASY08211|Tacaiuma_orthobunyavirus	ASY08211	Tacaiuma orthobunyavirus	BeAn73	1955	Cebus apella	Brazil	South America	Anopheles A
QLA46889|Tacaiuma_orthobunyavirus	QLA46889	Tacaiuma orthobunyavirus	SpH 32580	1975	Homo sapiens	Brazil	South America	Anopheles A
QLA47098|Bangui_virus	QLA47098	Bangui virus	DakHB 754	1970	Homo sapiens	Central African Republic	Africa	Ungrouped
ABT-DRC594|Bangui_virus	No_Accession	Bangui virus	DRC594	2017	Human	DRC	Africa	Ungrouped
AYC76694|Nyangole_orthobunyavirus	AYC76694	Nyangole orthobunyavirus	E0-202	2013	Homo sapiens	Uganda	Africa	Ungrouped
AKO90164|Tataguine_virus	AKO90164	Tataguine virus	H9963	1971	NA	Nigeria	Africa	Tanga
AJT55738|Tataguine_virus	AJT55738	Tataguine virus						Tanga
ATI21259|Tataguine_virus	ATI21259	Tataguine virus	IBH10362	1966	Homo sapiens	Nigeria	Africa	Tanga
UZT55174|Tataguine_virus	UZT55174	Tataguine virus						Tanga
AXS76878|Tataguine_virus	AXS76878	Tataguine virus	HB72P583	1972	Homo sapiens	Central African Republic: Batangafo region	Africa	Tanga
QLA46886|Tataguine_virus	QLA46886	Tataguine virus	79V1463	1979	Anopheles sp.	Gambia	Africa	Tanga
QLA47051|Okola_virus	QLA47051	Okola virus	YM 50	1964	Eretmapodites chrysogaster	Cameroon	Africa	Tanga
QLA47025|Tanga_virus	QLA47025	Tanga virus	MP 1329	1962	Anopheles funestus	Tanzania	Africa	Tanga
ARI46630|Laguna_Larga_virus	ARI46630	Laguna Larga virus	CbaAr 426	1965	Ochlerotatus albifasciatus	Argentina	South America	Bunyamwera
AKX73301|Bunyamwera_virus	AKX73301	Bunyamwera virus	SFCrEq231	2013	horse	Argentina	South America	Bunyamwera
AKX73305|Bunyamwera_virus	AKX73305	Bunyamwera virus						Bunyamwera
AKX73309|Bunyamwera_virus	AKX73309	Bunyamwera virus						Bunyamwera
QJQ29397|Fort_Sherman_orthobunyavirus	QJQ29397	Fort Sherman orthobunyavirus	Barreiras	2018	horse	Brazil	South America	Bunyamwera
ARI46634|Maguari_virus	ARI46634	Maguari virus	AG83-1746	1982	Psorophora varinervis	Argentina	South America	Bunyamwera
AXP32014|Fort_Sherman_virus	AXP32014	Fort Sherman virus	86MSP18	1985	Homo sapiens; 36 yr AD male	Panama	North America	Bunyamwera
ARI46658|Fort_Sherman_virus	ARI46658	Fort Sherman virus	86MSP18	1985	Homo sapiens	Panama	North America	Bunyamwera
ACV95629|Tensaw_virus	ACV95629	Tensaw virus	TSV-FE3-66FB	1963	mosquito	USA	North America	Bunyamwera
ACV95628|Tensaw_virus	ACV95628	Tensaw virus	TSV-FL06	2006	mosquito	USA	North America	Bunyamwera
AXP32066|Tensaw_virus	AXP32066	Tensaw virus	A9-171B	1960	Anopheles crucians	"USA: Baldwin County, Alabama"	North America	Bunyamwera
ATJ04177|Maguari_virus	ATJ04177	Maguari virus	BeAr 7272	1957	mosquito	Brazil: Utinga forest	South America	Bunyamwera
ARI46622|Maguari_virus	ARI46622	Maguari virus	BeAr 7272	1957	mosquito	Brazil	South America	Bunyamwera
ARI46654|Playas_virus	ARI46654	Playas virus	75V5758	1975	Aedeomyia (ochler) taeniorhynchus	Ecuador	South America	Bunyamwera
ARI46638|Maguari_virus	ARI46638	Maguari virus	OBS 6657	1998	Homo sapiens	Peru	South America	Bunyamwera
AXP32038|Northway_virus	AXP32038	Northway virus	234	1971	Aedes sp.	"USA: Alaska, Northway"	North America	Bunyamwera
AVX27622|Northway_virus	AVX27622	Northway virus	234	1971	Aedes sp.	USA	North America	Bunyamwera
AXP32034|Main_Drain_virus	AXP32034	Main Drain virus	R4680	1974	Anopheles freeborni	"USA: Beaver Dam Wash, Arizona"	North America	Bunyamwera
AXP32030|Main_Drain_virus	AXP32030	Main Drain virus	72V2567	1972	Aedes vexans	USA: New Mexico	North America	Bunyamwera
AXN72392|Lokern_virus	AXN72392	Lokern virus	FMS 4332	1962	Culex tarsalis	USA	North America	Bunyamwera
AVX27620|Main_Drain_orthobunyavirus	AVX27620	Main Drain orthobunyavirus	BFS5015	1964	Culicoides variipennis	USA	North America	Bunyamwera
AXP32054|Santa_Rosa_virus	AXP32054	Santa Rosa virus	M2-1493	1972	Ochlerotatus angustivittatus	Mexico: Durango(Santa Rosa)	North America	Bunyamwera
AXP32026|Lokern_virus	AXP32026	Lokern virus	A 10391	NA	NA	NA	NA	Bunyamwera
UUJ37931|Cache_Valley_virus	UUJ37931	Cache Valley virus						Bunyamwera
QHN12711|Cache_Valley_virus	QHN12711	Cache Valley virus	R103016b	2015	Homo sapiens	USA: Missouri	North America	Bunyamwera
ARI46678|Cache_Valley_virus	ARI46678	Cache Valley virus	CK-102	1980	sheep	USA	North America	Bunyamwera
ARI46686|Cache_Valley_virus	ARI46686	Cache Valley virus	WI-03BS7669	2003	Homo sapiens	USA	North America	Bunyamwera
ARI46682|Cache_Valley_virus	ARI46682	Cache Valley virus	MI80-1-450	1980	horse	USA	North America	Bunyamwera
ARI46650|Playas_virus	ARI46650	Playas virus						Bunyamwera
ARI46646|Playas_virus	ARI46646	Playas virus	75V3066	1975	Aedes taeniorhynchus	Ecuador	South America	Bunyamwera
ARI46674|Cache_Valley_virus	ARI46674	Cache Valley virus	MPB1-1551	1971	Psorophora confinnis	Mexico	North America	Bunyamwera
ARI46670|Cache_Valley_virus	ARI46670	Cache Valley virus	W308-67	1967	Aedes trivittatus	USA	North America	Bunyamwera
QYS16045|Cache_Valley_virus	QYS16045	Cache Valley virus	W08491	NA	Culex tarsalis	USA	North America	Bunyamwera
ARI46662|Cache_Valley_virus	ARI46662	Cache Valley virus	6V633	1956	Culiseta inornata	USA	North America	Bunyamwera
AXU40907|Cache_Valley_virus	AXU40907	Cache Valley virus	6V633	2018	NA	United Kingdom	Europe	Bunyamwera
UYS78532|Cache_Valley_virus	UYS78532	Cache Valley virus						Bunyamwera
AGI03946|Cache_Valley_virus	AGI03946	Cache Valley virus	MNZ-92011	2011	Homo sapiens	USA	North America	Bunyamwera
QYS16046|Cache_Valley_virus	QYS16046	Cache Valley virus	4B	NA	Aedes japonicus	USA	North America	Bunyamwera
AXP32078|Tlacotalpan_virus	AXP32078	Tlacotalpan virus	61D240	1961	Mansonia titillans	"Mexico: Tlacotalpan, Veracruz"	North America	Bunyamwera
ARI46642|Tlacotalpan_virus	ARI46642	Tlacotalpan virus	61D240	1961	Mansonia titillans	Mexico	North America	Bunyamwera
ARI46626|Maguari_virus	ARI46626	Maguari virus	CoAr 3363	1964	Aedes scapularis	Colombia	South America	Bunyamwera
ARI46666|Cache_Valley_virus	ARI46666	Cache Valley virus	W728-67	1967	Aedes communis	USA	North America	Bunyamwera
AXP32050|Potosi_virus	AXP32050	Potosi virus	89-3380	1989	Aedes albopictus	"USA: Potosi, Missouri"	North America	Bunyamwera
ATJ04182|Potosi_virus	ATJ04182	Potosi virus	IL94-1899	1994	Aedes albopictus	USA: Illinois	North America	Bunyamwera
ALN13261|Batai_virus	ALN13261	Batai virus	LEIV-2303Astr	2002	Anopheles maculipennis (mosquito)	"Russia: Astrakhan district, Volga river delta"	Europe	Bunyamwera
ALN13249|Batai_virus	ALN13249	Batai virus	LEIV-2324Astr	2002	Anopheles maculipennis (mosquito)	"Russia: Astrakhan district, Volga river delta"	Europe	Bunyamwera
ALN13245|Batai_virus	ALN13245	Batai virus						Bunyamwera
ALN13257|Batai_virus	ALN13257	Batai virus	LEIV-2342Astr	2002	Anopheles maculipennis (mosquito)	"Russia: Astrakhan district, Volga river delta"	Europe	Bunyamwera
ALN13241|Batai_virus	ALN13241	Batai virus	LEIV-1217Astr	2003	Anopheles maculipennis (mosquito)	"Russia: Astrakhan district, Volga river delta"	Europe	Bunyamwera
ALN13253|Batai_virus	ALN13253	Batai virus	LEIV-99Astr	2004	Anopheles maculipennis (mosquito)	"Russia: Astrakhan district, Volga river delta"	Europe	Bunyamwera
AXR75707|Batai_virus	AXR75707	Batai virus	PV424	2016	Phoca vitulina	Germany	Europe	Bunyamwera
UEP19790|Batai_virus	UEP19790	Batai virus	53.2	2011	mosquito	Germany	Europe	Bunyamwera
AGM40000|Batai_virus	AGM40000	Batai virus	Italy-2009	2009	mosquito	Italy	Europe	Bunyamwera
AKM28566|Batai_virus	AKM28566	Batai virus	CVOV 41.3	2013	Anopheles maculipennis	Austria	Europe	Bunyamwera
AHZ64956|Calovo_virus	AHZ64956	Calovo virus	JAn (MS3)	1969	NA	Croatia	Europe	Bunyamwera
AHZ64955|Calovo_virus	AHZ64955	Calovo virus	134	1963	NA	Czech Republic	Europe	Bunyamwera
AHZ64958|Calovo_virus	AHZ64958	Calovo virus	8040	1975	NA	Slovakia	Europe	Bunyamwera
AHZ64957|Calovo_virus	AHZ64957	Calovo virus	8020	1975	NA	Slovakia	Europe	Bunyamwera
AGM34033|Calovo_virus	AGM34033	Calovo virus	138-pool 468	1983	NA	Yugoslavia	Europe	Bunyamwera
APU88430|Batai_virus	APU88430	Batai virus	ZJ2014	2014	NA	China	Asia	Bunyamwera
AHW40489|Batai_virus	AHW40489	Batai virus	NM/12	2012	cattle	China: Inner Mongolia	Asia	Bunyamwera
AFY52605|Batai_virus	AFY52605	Batai virus	MM2222	1955	Culex gelidus	Malaysia	Asia	Bunyamwera
AFY52606|Batai_virus	AFY52606	Batai virus	Chittoor/IG-20217	1957	Anopheles barbirostris	India	Asia	Bunyamwera
UZT55201|Batai_virus	UZT55201	Batai virus						Bunyamwera
UZT55197|Batai_virus	UZT55197	Batai virus						Bunyamwera
AFY52607|Batai_virus	AFY52607	Batai virus	UgMP-6830	NA	Aedes abnormalis	Uganda	Africa	Bunyamwera
APF29570|Batai_virus	APF29570	Batai virus	K10441	1993	Culex annulirostris	Australia	Oceania	Bunyamwera
ALN13295|Anadyr_virus	ALN13295	Anadyr virus	LEIV-17769Yak	1988	Aedes sp. (mosquito)	"Russia: Yakutia, Oymyakonsky district, Elgi river"	Europe	Bunyamwera
ALN13275|Anadyr_virus	ALN13275	Anadyr virus	LEIV-16002Mg	1987	Aedes sp. (mosquito)	"Russia: Magadan region, Susumanskiy district, Burkandya mine"	Europe	Bunyamwera
ALN13279|Anadyr_virus	ALN13279	Anadyr virus						Bunyamwera
ALN13299|Anadyr_virus	ALN13299	Anadyr virus	LEIV-18098Yak	1987	Aedes nigripes	"Russia: Yakutia, Ust-Yansky district, point of 100 km to west from Deputatsky village"	Europe	Bunyamwera
AXP31994|Anadyr_virus	AXP31994	Anadyr virus	LEIV 13395Mg	1986	Aedes sp. (mosquito)	"Russia: Magadan region, Krasneno village"	Europe	Bunyamwera
ANB45710|Anadyr_virus	ANB45710	Anadyr virus	LEIV-13395Mg	1986	Aedes sp. (mosquito)	"Russia: Magadan region, Krasneno village"	Europe	Bunyamwera
ALN13291|Anadyr_virus	ALN13291	Anadyr virus	LEIV-16356Mg	1987	Aedes vexans	"Russia: Magadan region, Yagodinskiy district, Ust-Toskay floodplain of Toskay river"	Europe	Bunyamwera
ALN13271|Anadyr_virus	ALN13271	Anadyr virus	LEIV-13130Kam	1986	Aedes sp. (mosquito)	"Russia: Kamchatka, Kamenskoe village"	Europe	Bunyamwera
ALN13267|Anadyr_virus	ALN13267	Anadyr virus	LEIV-13128Kam	1986	Aedes sp. (mosquito)	"Russia: Kamchatka, Kamenskoe village"	Europe	Bunyamwera
AKC89288|Anadyr_virus	AKC89288	Anadyr virus	LEIV-13128Kam	1983	mixed pool of mosquitoes	Russia: Kamchatka	Europe	Bunyamwera
ALN13323|Anadyr_virus	ALN13323	Anadyr virus	LEIV-23263Tyum	1990	Aedes sp. (mosquito)	"Russia: Tyumen region, point of 60 km up to river from Tazovsky village"	Europe	Bunyamwera
ALN13287|Anadyr_virus	ALN13287	Anadyr virus	LEIV-16208Mg	1987	Aedes sp. (mosquito)	"Russia: Magadan region, Telnitskiy district, Ust-omchur village"	Europe	Bunyamwera
ALN13319|Anadyr_virus	ALN13319	Anadyr virus	LEIV-18715Yak	1988	Aedes sp. (mosquito)	"Russia: Yakutia, Mirnensky district"	Europe	Bunyamwera
ALN13283|Anadyr_virus	ALN13283	Anadyr virus	LEIV-16199Mg	1987	"pool of mosquitos (Aedes comminis, Aedes punctor, Aedes excrucians)"	"Russia: Magadan region, Telnitskiy district, Verniy-on-Kolyma village"	Europe	Bunyamwera
ALN13311|Anadyr_virus	ALN13311	Anadyr virus	LEIV-18353Yak	1988	Aedes nigripes	"Russia: Yakutia, Ust-Yansky district, point of 100 km to west from Deputatsky village"	Europe	Bunyamwera
ALN13315|Anadyr_virus	ALN13315	Anadyr virus						Bunyamwera
ALN13303|Anadyr_virus	ALN13303	Anadyr virus	LEIV-18136Yak	1987	"pool of mosquitos (Aedes nigripes, Aedes mercurator)"	"Russia: Yakutia, Ust-Yansky district, point of 100 km to west from Deputatsky village"	Europe	Bunyamwera
ALN13307|Anadyr_virus	ALN13307	Anadyr virus	LEIV-18146Yak	1988	Aedes nigripes	"Russia: Yakutia, Ust-Yansky district, point of 100 km to west from Deputatsky village"	Europe	Bunyamwera
QSV52382|Bunyamwera_orthobunyavirus	QSV52382	Bunyamwera orthobunyavirus	KW_S1_25204	2017	mosquito	Kenya	Africa	Bunyamwera
QSV52379|Bunyamwera_orthobunyavirus	QSV52379	Bunyamwera orthobunyavirus	KW_S1_25397	2017	mosquito	Kenya	Africa	Bunyamwera
QSV52381|Bunyamwera_orthobunyavirus	QSV52381	Bunyamwera orthobunyavirus						Bunyamwera
QSV52380|Bunyamwera_orthobunyavirus	QSV52380	Bunyamwera orthobunyavirus	KW_S1_24873	2017	mosquito	Kenya	Africa	Bunyamwera
UAM96129|Bunyamwera_orthobunyavirus	UAM96129	Bunyamwera orthobunyavirus	84Brakna/ME	2015	sheep	Mauritania	Africa	Bunyamwera
AXP32006|Bunyamwera_virus	AXP32006	Bunyamwera virus	46A-122	2006	Aedes ochraceus	"Kenya: Desai, Garissa"	Africa	Bunyamwera
AIZ49763|Bunyamwera_virus	AIZ49763	Bunyamwera virus	MGD/S1/12060/WT	2009	Anopheles funestus	Kenya	Africa	Bunyamwera
AIZ49762|Bunyamwera_virus	AIZ49762	Bunyamwera virus	GSA/S4/11232/WT	2009	Aedes mcintoshi	Kenya	Africa	Bunyamwera
P20470|Bunyamwera_virus	P20470	Bunyamwera virus						Bunyamwera
CAA32553|Bunyamwera_virus	CAA32553	Bunyamwera virus						Bunyamwera
UEP19796|Bunyamwera_orthobunyavirus	UEP19796	Bunyamwera orthobunyavirus						Bunyamwera
UEP19793|Bunyamwera_orthobunyavirus	UEP19793	Bunyamwera orthobunyavirus	ATCC(R) VR-87	1943	mosquito	Uganda	Africa	Bunyamwera
AGM34029|Ngari_virus	AGM34029	Ngari virus	Dakar D28542/4e	1980	NA	Senegal	Africa	Bunyamwera
AFY23384|Ngari_virus	AFY23384	Ngari virus	DakArD28542	1979	Aedes simpsoni	Senegal	Africa	Bunyamwera
AFY23380|Ngari_virus	AFY23380	Ngari virus	SUD-HKV141	1988	Homo sapiens	Sudan	Africa	Bunyamwera
AFY23376|Ngari_virus	AFY23376	Ngari virus	SUD-HKV66	1988	Homo sapiens	Sudan	Africa	Bunyamwera
AIZ49761|Ngari_virus	AIZ49761	Ngari virus						Bunyamwera
AIZ49760|Ngari_virus	AIZ49760	Ngari virus	TND/S1/19801/WT	2010	Anopheles funestus	Kenya	Africa	Bunyamwera
AIZ49759|Ngari_virus	AIZ49759	Ngari virus	ISL/TS2/5242/WT	2009	Rhipicephalus pulchellus	Kenya	Africa	Bunyamwera
UFE16446|Ngari_virus	UFE16446	Ngari virus						Bunyamwera
UFE16443|Ngari_virus	UFE16443	Ngari virus						Bunyamwera
UAM96499|Ngari_virus	UAM96499	Ngari virus	428Trarza/ME	2015	goat	Mauritania	Africa	Bunyamwera
UAM96496|Ngari_virus	UAM96496	Ngari virus	15Guidimaka/ME	2015	sheep	Mauritania	Africa	Bunyamwera
UZN01452|Ngari_virus	UZN01452	Ngari virus						Bunyamwera
UZN01451|Ngari_virus	UZN01451	Ngari virus						Bunyamwera
UZN01453|Ngari_virus	UZN01453	Ngari virus						Bunyamwera
UZN01450|Ngari_virus	UZN01450	Ngari virus						Bunyamwera
AII99851|Ngari_virus	AII99851	Ngari virus	Adrar	2010	small ruminant	Mauritania	Africa	Bunyamwera
AFY23392|Ngari_virus	AFY23392	Ngari virus	9800521	1998	Homo sapiens	Somalia	Africa	Bunyamwera
AFY23388|Ngari_virus	AFY23388	Ngari virus	9800535	1998	Homo sapiens	Kenya	Africa	Bunyamwera
UZT55177|Orthobunyavirus_sp.	UZT55177	Orthobunyavirus sp.						Bunyamwera
QNS29913|Ilesha_virus	QNS29913	Ilesha virus	KO/2	1967	Homo sapiens	Nigeria: Ilesha	Africa	Bunyamwera
AGM34025|Ilesha_virus	AGM34025	Ilesha virus	ILESHA/8e	1972	NA	Senegal	Africa	Bunyamwera
AGU99597|Ilesha_virus	AGU99597	Ilesha virus	R5964	1964	Homo sapiens	Nigeria	Africa	Bunyamwera
AXP32062|Shokwe_virus	AXP32062	Shokwe virus	SAAr 4042	1962	Aedes cumminsii	"South Africa: Ndumu, Natal, Shokwe pan"	Africa	Bunyamwera
AXP32002|Bozo_virus	AXP32002	Bozo virus	DakArB 7343	1975	Aedes opok	Central African Republic	Africa	Bunyamwera
AXZ96250|Bozo_virus	AXZ96250	Bozo virus	DakArB 7343	1975	Aedes opok	Central African Republic: Bozo	Africa	Bunyamwera
AXP31998|Birao_virus	AXP31998	Birao virus	DakArB 2198	1969	Anopheles pharoensis	"Central African Republic: Birao Village, Bangui"	Africa	Bunyamwera
AXZ96246|Birao_virus	AXZ96246	Birao virus	DakArB 2198	1969	Anopheles pharoensis	Central African Republic: Banugui	Africa	Bunyamwera
WBY50514|Ebinur_lake_virus	WBY50514	Ebinur lake virus						Bunyamwera
WBY50500|Ebinur_lake_virus	WBY50500	Ebinur lake virus						Bunyamwera
WBY50502|Ebinur_lake_virus	WBY50502	Ebinur lake virus						Bunyamwera
WBY50505|Ebinur_lake_virus	WBY50505	Ebinur lake virus						Bunyamwera
WBY50501|Ebinur_lake_virus	WBY50501	Ebinur lake virus						Bunyamwera
AIA08883|Ebinur_lake_virus	AIA08883	Ebinur lake virus	Cu20-XJ	2013	NA	China	Asia	Bunyamwera
WBY50506|Ebinur_lake_virus	WBY50506	Ebinur lake virus						Bunyamwera
WBY50504|Ebinur_lake_virus	WBY50504	Ebinur lake virus						Bunyamwera
WBY50503|Ebinur_lake_virus	WBY50503	Ebinur lake virus						Bunyamwera
WAD86908|Ebinur_lake_virus	WAD86908	Ebinur lake virus						Bunyamwera
WAD86903|Ebinur_lake_virus	WAD86903	Ebinur lake virus						Bunyamwera
AFY52608|Batai_virus	AFY52608	Batai virus	MS50	1962	Aedes curtipes	Malaysia	Asia	Bunyamwera
AXP32022|Kairi_virus	AXP32022	Kairi virus	TRVL 8900	1955	Ochlerotatus scapularis	"Trinidad and Tobago: Melajo Forest, Northeast Trinidad"	South America	Bunyamwera
AXU40903|Kairi_virus	AXU40903	Kairi virus	TR8900	2018	NA	United Kingdom	Europe	Bunyamwera
ALC78364|Kairi_virus	ALC78364	Kairi virus	BeAr8226	1957	Ochlerotatus scapularis	Brazil	South America	Bunyamwera
AQV08287|Tucunduba_virus	AQV08287	Tucunduba virus	BeAR701402	2006	Psorophora ferox	Brazil	South America	Wyeomyia
AQV08284|Tucunduba_virus	AQV08284	Tucunduba virus	BeAR643361	2001	Limatus flavisetosus	Brazil	South America	Wyeomyia
AQV08281|Tucunduba_virus	AQV08281	Tucunduba virus	BeAR544767	1996	Wyeomyia sp.	Brazil	South America	Wyeomyia
AEZ35273|Wyeomyia_orthobunyavirus	AEZ35273	Wyeomyia orthobunyavirus	original	1940	Wyeomyia melanocephala	Colombia	South America	Wyeomyia
AEZ35267|Taiassui_virus	AEZ35267	Taiassui virus	BeAr671	1988	Sabethini spp.	Brazil	South America	Wyeomyia
AEZ35270|Tucunduba_virus	AEZ35270	Tucunduba virus	BeAr278	1955	Wyeomyia spp.	Brazil	South America	Wyeomyia
AXP32082|Wyeomyia_orthobunyavirus	AXP32082	Wyeomyia orthobunyavirus	Original	1940	Wyeomyia melanocephala	Colombia: El Horizonte	South America	Wyeomyia
AGA54138|Wyeomyia_orthobunyavirus	AGA54138	Wyeomyia orthobunyavirus	original-2	1940	Wyeomyia melanocephala	Colombia	South America	Wyeomyia
AEZ35281|Wyeomyia_virus_strain_Darien	AEZ35281	Wyeomyia virus strain Darien						Wyeomyia
AEZ35278|Wyeomyia_virus_strain_TRVL8349	AEZ35278	Wyeomyia virus strain TRVL8349						Wyeomyia
AEZ35261|Macaua_virus	AEZ35261	Macaua virus	BeAr306329	1976	Sabethes soperi	Brazil	South America	Wyeomyia
AEZ35283|Cachoeira_Porteira_virus	AEZ35283	Cachoeira Porteira virus	BeAr328208	1977	Sabethes glaucadaemon	Brazil	South America	Wyeomyia
AEZ35264|Sororoca_virus	AEZ35264	Sororoca virus	BeAr32149	1961	Sabethini spp.	Brazil	South America	Wyeomyia
AEZ35258|Iaco_virus	AEZ35258	Iaco virus	BeAn314206	1976	Wyeomyia spp.	Brazil	South America	Wyeomyia
AEZ35255|Anhembi_virus	AEZ35255	Anhembi virus	SPAr2984	1965	Phoniomyia pilicauda	Brazil	South America	Wyeomyia
AKC42510|Guaroa_virus	AKC42510	Guaroa virus	FVB0546	2007	Homo sapiens	Bolivia	South America	California
AKC42498|Guaroa_virus	AKC42498	Guaroa virus	FVB0840	2009	Homo sapiens	Bolivia	South America	California
AKC42494|Guaroa_virus	AKC42494	Guaroa virus	FVB0849	2009	Homo sapiens	Bolivia	South America	California
AKC42490|Guaroa_virus	AKC42490	Guaroa virus	FVB2032	2009	Homo sapiens	Bolivia	South America	California
AKC42506|Guaroa_virus	AKC42506	Guaroa virus	OBT5637	2007	Homo sapiens	Peru	South America	California
AKC42486|Guaroa_virus	AKC42486	Guaroa virus	FPI01900	2011	Homo sapiens	Peru	South America	California
AKC42478|Guaroa_virus	AKC42478	Guaroa virus	ASA1165	2011	Homo sapiens	Peru	South America	California
AKC42502|Guaroa_virus	AKC42502	Guaroa virus	MIS0239	2008	Homo sapiens	Peru	South America	California
AKC42514|Guaroa_virus	AKC42514	Guaroa virus	IQD8537	2004	Homo sapiens	Peru	South America	California
AKC42523|Guaroa_virus	AKC42523	Guaroa virus	CoH352111	1956	Homo sapiens (asymptomatic)	Colombia	South America	California
AKC42482|Guaroa_virus	AKC42482	Guaroa virus	FSJ2035	2011	Homo sapiens	Peru	South America	California
AKC42519|Guaroa_virus	AKC42519	Guaroa virus	BeH22063	1960	Homo sapiens	Brazil	South America	California
AEZ35282|Guaroa_virus	AEZ35282	Guaroa virus	BeH22063	1960	Homo sapiens	Brazil	South America	California
QCT81346|Akabane_virus	QCT81346	Akabane virus	CS1796	1984	Culicoides brevitarsis	Australia	Oceania	Simbu
QCT81327|Akabane_virus	QCT81327	Akabane virus	CS1777	1984	Culicoides brevitarsis	Australia	Oceania	Simbu
QCT81328|Akabane_virus	QCT81328	Akabane virus	CS1778	1984	Culicoides brevitarsis	Australia	Oceania	Simbu
QCT81326|Akabane_virus	QCT81326	Akabane virus	CS1776	1984	Culicoides brevitarsis	Australia	Oceania	Simbu
QCT81314|Akabane_virus	QCT81314	Akabane virus	CS0221	1976	Culicoides brevitarsis	Australia	Oceania	Simbu
QCT81345|Akabane_virus	QCT81345	Akabane virus	CS1586	1983	Culicoides brevitarsis	Australia	Oceania	Simbu
QCT81342|Akabane_virus	QCT81342	Akabane virus	CS979	1981	Culicoides brevitarsis	Australia	Oceania	Simbu
QCT81321|Akabane_virus	QCT81321	Akabane virus	CS749	1981	Bos taurus	Australia	Oceania	Simbu
QCT81353|Aino_virus	QCT81353	Aino virus	cs296	1979	bovine	Australia	Oceania	Simbu
QCT81317|Akabane_virus	QCT81317	Akabane virus	CS505	1979	Bos taurus	Australia	Oceania	Simbu
QCT81340|Akabane_virus	QCT81340	Akabane virus	CS506	1979	Bos taurus	Australia	Oceania	Simbu
QCT81341|Akabane_virus	QCT81341	Akabane virus	CS661	1980	Culicoides brevitarsis	Australia	Oceania	Simbu
QCT81316|Akabane_virus	QCT81316	Akabane virus	CS396	1979	Culicoides brevitarsis	Australia	Oceania	Simbu
QCT81338|Akabane_virus	QCT81338	Akabane virus	CS241	1978	Culicoides brevitarsis	Australia	Oceania	Simbu
QCT81313|Akabane_virus	QCT81313	Akabane virus	CS0016	1975	Culicoides brevitarsis	Australia	Oceania	Simbu
QCT81339|Akabane_virus	QCT81339	Akabane virus	CS502	1976	Ovis aries	Australia	Oceania	Simbu
QCT81334|Akabane_virus	QCT81334	Akabane virus	CS231	1982	Bos taurus	Australia	Oceania	Simbu
QCT81335|Akabane_virus	QCT81335	Akabane virus	CS233	1979	Bos taurus	Australia	Oceania	Simbu
QCT81323|Akabane_virus	QCT81323	Akabane virus						Simbu
QCT81322|Akabane_virus	QCT81322	Akabane virus	CS951	1980	Culicoides brevitarsis	Australia	Oceania	Simbu
QCT81330|Akabane_virus	QCT81330	Akabane virus	DPP231	1977	Bos taurus	Australia	Oceania	Simbu
QCT81343|Akabane_virus	QCT81343	Akabane virus	C1316	1980	Bos taurus	Australia	Oceania	Simbu
QCT81325|Akabane_virus	QCT81325	Akabane virus	CS1711	1984	Bos taurus	Australia	Oceania	Simbu
QCT81320|Akabane_virus	QCT81320	Akabane virus	CS744	1981	Culicoides brevitarsis	Australia	Oceania	Simbu
QCT81344|Akabane_virus	QCT81344	Akabane virus	CS1383	1980	Culicoides brevitarsis	Australia	Oceania	Simbu
QCT81324|Akabane_virus	QCT81324	Akabane virus	CS1416	1981	Culicoides brevitarsis	Australia	Oceania	Simbu
QCT81315|Akabane_virus	QCT81315	Akabane virus	CS294	1979	Bos taurus	Australia	Oceania	Simbu
QCT81318|Akabane_virus	QCT81318	Akabane virus	CS700	1981	Bos taurus	Australia	Oceania	Simbu
QCT81332|Akabane_virus	QCT81332	Akabane virus	CS215	1976	Bos taurus	Australia	Oceania	Simbu
QCT81329|Akabane_virus	QCT81329	Akabane virus	CS1798	1984	Culicoides brevitarsis	Australia	Oceania	Simbu
AXP32074|Tinaroo_virus	AXP32074	Tinaroo virus	CSIRO 153	1978	Culicoides brevitarsis	"Australia: Kairi Station, Queensland"	Oceania	Simbu
QCT81368|Tinaroo_virus	QCT81368	Tinaroo virus	cs153	1978	Culicoides brevitarsis	Australia	Oceania	Simbu
QCT81333|Akabane_virus	QCT81333	Akabane virus	CS228	1976	Bos taurus	Australia	Oceania	Simbu
QCT81348|Akabane_virus	QCT81348	Akabane virus	DPP237	1983	Bos taurus	Australia	Oceania	Simbu
QCT81319|Akabane_virus	QCT81319	Akabane virus	CS710	1980	Culicoides brevitarsis	Australia	Oceania	Simbu
QCT81350|Akabane_virus	QCT81350	Akabane virus	DPP261	1983	Bos taurus	Australia	Oceania	Simbu
QCT81349|Akabane_virus	QCT81349	Akabane virus	DPP240	1983	Bos taurus	Australia	Oceania	Simbu
QCT81347|Akabane_virus	QCT81347	Akabane virus	DPP232	1982	Bos taurus	Australia	Oceania	Simbu
QCT81337|Akabane_virus	QCT81337	Akabane virus	CS236	1979	Bos taurus	Australia	Oceania	Simbu
QCT81336|Akabane_virus	QCT81336	Akabane virus	CS235	1979	Bos taurus	Australia	Oceania	Simbu
QCT81331|Akabane_virus	QCT81331	Akabane virus	R7949	1968	Bos taurus	Australia	Oceania	Simbu
QCT81312|Akabane_virus	QCT81312	Akabane virus	B8935	1968	Bos taurus	Australia	Oceania	Simbu
AZW33610|Akabane_virus	AZW33610	Akabane virus	HN10174	2010	Culex quinquefasciatus	China	Asia	Simbu
AZQ20748|Akabane_virus	AZQ20748	Akabane virus	HN10169	2010	Anopheles sinensis	China	Asia	Simbu
ASM94315|Akabane_virus	ASM94315	Akabane virus	GXLCH04	2016	Rhizomys pruinosus	China	Asia	Simbu
ASM94312|Akabane_virus	ASM94312	Akabane virus	GXLCH02	2016	Rhizomys pruinosus	China	Asia	Simbu
ASM94321|Akabane_virus	ASM94321	Akabane virus	GXLCH70N	2016	Rhizomys pruinosus	China	Asia	Simbu
ASM94318|Akabane_virus	ASM94318	Akabane virus	GXLCH16-70	2016	Rhizomys pruinosus	China	Asia	Simbu
ASM94324|Akabane_virus	ASM94324	Akabane virus	GXLCH01	2016	Rhizomys pruinosus	China	Asia	Simbu
APU93383|Akabane_virus	APU93383	Akabane virus	DHL10M110	2010	Anopheles vagus	China: Yunnan Province	Asia	Simbu
AKP63313|Akabane_virus	AKP63313	Akabane virus	DHL10M110	2010	Anopheles vagus (mosquito)	China	Asia	Simbu
QQL13652|Akabane_virus	QQL13652	Akabane virus	CX-01	2019	goat	China	Asia	Simbu
AFH96035|Akabane_virus	AFH96035	Akabane virus	AKVS-7/SKR/2010	2010	cattle	South Korea	Asia	Simbu
BCG45239|Akabane_virus	BCG45239	Akabane virus	KM-2/Br/06	2006	Bos taurus	Japan: Kumamoto	Asia	Simbu
BAR94029|Akabane_virus	BAR94029	Akabane virus	TS-C2	1979	Bos taurus	Japan	Asia	Simbu
BAF57206|Akabane_virus	BAF57206	Akabane virus						Simbu
AYO61087|Akabane_virus	AYO61087	Akabane virus	GXDH01	2016	goat	China	Asia	Simbu
QQH14721|Akabane_virus	QQH14721	Akabane virus	TJ2016	NA	Bos taurus	China	Asia	Simbu
ALE15081|Akabane_virus	ALE15081	Akabane virus	JaLAB39	1959	Aedes vexans	Australia	Oceania	Simbu
UXG07018|Akabane_orthobunyavirus	UXG07018	Akabane orthobunyavirus						Simbu
BCG45243|Akabane_virus	BCG45243	Akabane virus	FI-1/Br/08	2008	Bos taurus	Japan: Fukui	Asia	Simbu
UGK54253|Akabane_orthobunyavirus	UGK54253	Akabane orthobunyavirus	ISR-170/18	2018	sheep	Israel	Asia	Simbu
AXP32085|Yaba-7_virus	AXP32085	Yaba-7 virus	Yaba 7	1963	Mansonia africana	Nigeria	Africa	Simbu
CCG93479|Sabo_virus	CCG93479	Sabo virus						Simbu
AWL83670|Shuni_orthobunyavirus	AWL83670	Shuni orthobunyavirus	ISR-2162/16	2016	cattle	Israel	Asia	Simbu
AWL83662|Shuni_orthobunyavirus	AWL83662	Shuni orthobunyavirus	ISR-242/16	2016	cattle	Israel	Asia	Simbu
AWL83666|Shuni_orthobunyavirus	AWL83666	Shuni orthobunyavirus	ISR-2067/16	2016	cattle	Israel	Asia	Simbu
AWL83658|Shuni_orthobunyavirus	AWL83658	Shuni orthobunyavirus	ISR-129/16	2016	sheep	Israel	Asia	Simbu
AQM56672|Shuni_orthobunyavirus	AQM56672	Shuni orthobunyavirus	220681	2014	sheep	Israel	Asia	Simbu
WBU01526|Shuni_orthobunyavirus	WBU01526	Shuni orthobunyavirus						Simbu
UXE46267|Shuni_orthobunyavirus	UXE46267	Shuni orthobunyavirus						Simbu
UTE10684|Shuni_orthobunyavirus	UTE10684	Shuni orthobunyavirus						Simbu
AHE76170|Shuni_orthobunyavirus	AHE76170	Shuni orthobunyavirus	SAE1809	2009	equine	South Africa	Africa	Simbu
CCH15003|Shuni_orthobunyavirus	CCH15003	Shuni orthobunyavirus						Simbu
AXP31990|Aino_virus	AXP31990	Aino virus	JaNAr 28	1964	Culex tritaeniorhynchus	"Japan: Ainotown, Nagasaki"	Asia	Simbu
CCG93467|Aino_virus	CCG93467	Aino virus	VRC 713423-2	1971	Culex tritaeniorhynchus	"India: Kaikalur, Andhra Prov."	Asia	Simbu
AXP32018|Kaikalur_virus	AXP32018	Kaikalur virus	cs655	1980	Culicoides brevitarsis	Australia	Oceania	Simbu
QCT81354|Aino_virus	QCT81354	Aino virus	CSIRO 110	1976	Culicoides brevitarsis	"Australia: Peachester, Queensland"	Oceania	Simbu
AXP32046|Peaton_virus	AXP32046	Peaton virus						Simbu
CCG93475|Peaton_virus	CCG93475	Peaton virus						Simbu
QCT81364|Peaton_virus	QCT81364	Peaton virus	cs245	1976	Culicoides brevitarsis	Australia	Oceania	Simbu
QCT81366|Peaton_virus	QCT81366	Peaton virus	cs347	1980	Culicoides brevitarsis	Australia	Oceania	Simbu
QCT81365|Peaton_virus	QCT81365	Peaton virus	cs322	1980	Bos taurus	Australia	Oceania	Simbu
QCT81358|Aino_virus	QCT81358	Aino virus	cs378	1979	Culicoides brevitarsis	Australia	Oceania	Simbu
QCT81355|Aino_virus	QCT81355	Aino virus	cs990	1991	Culicoides brevitarsis	Australia	Oceania	Simbu
QCT81367|Thimiri_orthobunyavirus	QCT81367	Thimiri orthobunyavirus	cs0001	1979	Culicoides histrio	Australia	Oceania	Simbu
UXG49540|Sango_virus	UXG49540	Sango virus						Simbu
UXG49536|Sango_virus	UXG49536	Sango virus						Simbu
CCG93483|Sango_virus	CCG93483	Sango virus						Simbu
QCT81351|Aino_virus	QCT81351	Aino virus	B7974	1968	Culicoides brevitarsis	Australia	Oceania	Simbu
QCT81352|Aino_virus	QCT81352	Aino virus	cs276	1979	Culicoides brevitarsis	Australia	Oceania	Simbu
QCT81357|Aino_virus	QCT81357	Aino virus	cs1574	1983	Bos taurus	Australia	Oceania	Simbu
H2AM11|Bovine_Schmallenberg_virus_BH80/Germany/2011	H2AM11	Bovine Schmallenberg virus BH80/Germany/2011						Simbu
AIP98324|Schmallenberg_virus	AIP98324	Schmallenberg virus						Simbu
CCF55029|Schmallenberg_virus	CCF55029	Schmallenberg virus						Simbu
AIP98323|Schmallenberg_virus	AIP98323	Schmallenberg virus						Simbu
AGC84160|Schmallenberg_virus	AGC84160	Schmallenberg virus	Germany	2011	NA	Germany	Europe	Simbu
AIP98321|Schmallenberg_virus	AIP98321	Schmallenberg virus						Simbu
AGU16235|Schmallenberg_virus	AGU16235	Schmallenberg virus	F6	2011	Bos taurus	Netherlands	Europe	Simbu
AIP98320|Schmallenberg_virus	AIP98320	Schmallenberg virus	79.4	2012	Bos taurus	"Switzerland: Muehleberg, BE"	Europe	Simbu
AIP98322|Schmallenberg_virus	AIP98322	Schmallenberg virus						Simbu
AQY63044|Schmallenberg_virus	AQY63044	Schmallenberg virus	SBV-Hun6	2014	Bos taurus	Hungary	Europe	Simbu
AQY63024|Schmallenberg_virus	AQY63024	Schmallenberg virus	SBV-Hun1	2014	Bos taurus	Hungary	Europe	Simbu
AQY63040|Schmallenberg_virus	AQY63040	Schmallenberg virus	SBV-Hun5	2014	Bos taurus	Hungary	Europe	Simbu
AQY63032|Schmallenberg_virus	AQY63032	Schmallenberg virus	SBV-Hun3	2014	Bos taurus	Hungary	Europe	Simbu
AKA63351|Schmallenberg_virus	AKA63351	Schmallenberg virus	D495/12-1	2012	Bos taurus	Germany	Europe	Simbu
AKA63352|Schmallenberg_virus	AKA63352	Schmallenberg virus	BH652/12	2012	Bos taurus	Germany	Europe	Simbu
AGD94655|Schmallenberg_virus	AGD94655	Schmallenberg virus	Na2-BHK21-P10	2012	sheep	Belgium	Europe	Simbu
AGD94654|Schmallenberg_virus	AGD94654	Schmallenberg virus	Na2-BHK21-P2	2012	sheep	Belgium	Europe	Simbu
AGD94653|Schmallenberg_virus	AGD94653	Schmallenberg virus	Na2-CNS	2012	sheep	Belgium	Europe	Simbu
AGD94652|Schmallenberg_virus	AGD94652	Schmallenberg virus						Simbu
AGD94650|Schmallenberg_virus	AGD94650	Schmallenberg virus	Na1-CNS	2012	sheep	Belgium	Europe	Simbu
AGD94651|Schmallenberg_virus	AGD94651	Schmallenberg virus						Simbu
AVK60046|Schmallenberg_virus	AVK60046	Schmallenberg virus	PL_13_130-6_ovis	2013	Ovis aries	Poland	Europe	Simbu
BCH47627|Schmallenberg_orthobunyavirus	BCH47627	Schmallenberg orthobunyavirus	GB/697/2012	2012	Ovis aries	United Kingdom	Europe	Simbu
AGU16231|Schmallenberg_virus	AGU16231	Schmallenberg virus	HL1	2011	Ovis aries	Netherlands	Europe	Simbu
AKA63353|Schmallenberg_virus	AKA63353	Schmallenberg virus	BH619/12	2012	Bos taurus	Germany	Europe	Simbu
AKA63350|Schmallenberg_virus	AKA63350	Schmallenberg virus	BH119/14-3/4	2014	Bos taurus	Germany	Europe	Simbu
AKA63349|Schmallenberg_virus	AKA63349	Schmallenberg virus	BH119/14-1/2	2014	Bos taurus	Germany	Europe	Simbu
AKA63354|Schmallenberg_virus	AKA63354	Schmallenberg virus	BH132/14	2014	Bos taurus	Germany	Europe	Simbu
AVK60045|Schmallenberg_virus	AVK60045	Schmallenberg virus	PL_12_1018-8_bov	2012	Bos taurus	Poland	Europe	Simbu
AQY63036|Schmallenberg_virus	AQY63036	Schmallenberg virus	SBV-Hun4	2012	Bos taurus	Hungary	Europe	Simbu
AIP98326|Schmallenberg_virus	AIP98326	Schmallenberg virus	200.2	2012	Bos taurus	Liechtenstein: Bendern	Europe	Simbu
AQY63048|Schmallenberg_virus	AQY63048	Schmallenberg virus	SBV-Hun7	2014	Bos taurus	Hungary	Europe	Simbu
AIP98325|Schmallenberg_virus	AIP98325	Schmallenberg virus	175.2	2012	Bos taurus	Liechtenstein: Bendern	Europe	Simbu
AQY63028|Schmallenberg_virus	AQY63028	Schmallenberg virus	SBV-Hun2	2014	Bos taurus	Hungary	Europe	Simbu
BDU51762|Shamonda_orthobunyavirus	BDU51762	Shamonda orthobunyavirus						Simbu
CCG93491|Shamonda_orthobunyavirus	CCG93491	Shamonda orthobunyavirus						Simbu
QCT81359|Douglas_virus	QCT81359	Douglas virus	cs400	1980	Culicoides brevitarsis	Australia	Oceania	Simbu
QCT81356|Aino_virus	QCT81356	Aino virus	cs1068	1981	Culicoides brevitarsis	Australia	Oceania	Simbu
QCT81360|Douglas_virus	QCT81360	Douglas virus	cs1059	1981	Bos taurus	Australia	Oceania	Simbu
CCG93471|Douglas_virus	CCG93471	Douglas virus						Simbu
BDU51758|Sathuperi_orthobunyavirus	BDU51758	Sathuperi orthobunyavirus						Simbu
CCG93487|Sathuperi_orthobunyavirus	CCG93487	Sathuperi orthobunyavirus						Simbu
CCG93495|Simbu_orthobunyavirus	CCG93495	Simbu orthobunyavirus						Simbu
AWU67033|Oropouche_virus	AWU67033	Oropouche virus						Simbu
AWU67029|Oropouche_virus	AWU67029	Oropouche virus	BeH 708139	2006	Homo sapiens	Brazil	South America	Simbu
AWU67037|Oropouche_virus	AWU67037	Oropouche virus	BeH 708717	2006	Homo sapiens	Brazil	South America	Simbu
AWU67025|Oropouche_virus	AWU67025	Oropouche virus	PMOH 682431	2004	Homo sapiens	Brazil	South America	Simbu
AWU66933|Oropouche_virus	AWU66933	Oropouche virus	BeAn 626990	2000	Callithrix sp.	Brazil	South America	Simbu
AWU66993|Oropouche_virus	AWU66993	Oropouche virus	BeH 532500	1994	Homo sapiens	Brazil	South America	Simbu
AWU66909|Oropouche_virus	AWU66909	Oropouche virus	BeH 543100	1996	Homo sapiens	Brazil	South America	Simbu
AWU66961|Oropouche_virus	AWU66961	Oropouche virus	BeAn 208402	1971	Bradypus tridactylus	Brazil	South America	Simbu
AWU67021|Oropouche_virus	AWU67021	Oropouche virus						Simbu
AWU67013|Oropouche_virus	AWU67013	Oropouche virus	PPS 522 H 669314	2003	Homo sapiens	Brazil	South America	Simbu
AWU67017|Oropouche_virus	AWU67017	Oropouche virus						Simbu
AWU67045|Oropouche_virus	AWU67045	Oropouche virus						Simbu
AWU66997|Oropouche_virus	AWU66997	Oropouche virus	BeH 541140	1994	Homo sapiens	Brazil	South America	Simbu
AWU67005|Oropouche_virus	AWU67005	Oropouche virus	BeH 543760	1996	Homo sapiens	Brazil	South America	Simbu
AWU66985|Oropouche_virus	AWU66985	Oropouche virus	BeH 532422	1994	Homo sapiens	Brazil	South America	Simbu
AWU66929|Oropouche_virus	AWU66929	Oropouche virus	BeH 421086	1993	Homo sapiens	Brazil	South America	Simbu
AWU66921|Oropouche_virus	AWU66921	Oropouche virus	BeH 472433	1988	Homo sapiens	Brazil	South America	Simbu
AWU66969|Oropouche_virus	AWU66969	Oropouche virus	BeH 355173	1978	Homo sapiens	Brazil	South America	Simbu
AWU66989|Oropouche_virus	AWU66989	Oropouche virus						Simbu
AWU66977|Oropouche_virus	AWU66977	Oropouche virus	BeH 385591	1980	Homo sapiens	Brazil	South America	Simbu
AWU67041|Oropouche_virus	AWU67041	Oropouche virus	BeH 498913	1990	Homo sapiens	Brazil	South America	Simbu
AWU67001|Oropouche_virus	AWU67001	Oropouche virus	BeH 543629	1996	Homo sapiens	Brazil	South America	Simbu
AWU66981|Oropouche_virus	AWU66981	Oropouche virus	BeH 532314	1994	Homo sapiens	Brazil	South America	Simbu
AWU67009|Oropouche_virus	AWU67009	Oropouche virus	BeH 543857	1996	Homo sapiens	Brazil	South America	Simbu
AWU66957|Oropouche_virus	AWU66957	Oropouche virus	BeAn 206119	1971	Bradypus tridactylus	Brazil	South America	Simbu
AWU66965|Oropouche_virus	AWU66965	Oropouche virus	BeAn 208819	1971	Bradypus tridactylus	Brazil	South America	Simbu
AWU66917|Oropouche_virus	AWU66917	Oropouche virus	BeH 390242	1980	Homo sapiens	Brazil	South America	Simbu
AWU66913|Oropouche_virus	AWU66913	Oropouche virus	BeH 389865	1980	Homo sapiens	Brazil	South America	Simbu
AWU66925|Oropouche_virus	AWU66925	Oropouche virus	BeH 472435	1988	Homo sapiens	Brazil	South America	Simbu
AWU66953|Oropouche_virus	AWU66953	Oropouche virus						Simbu
AWU66941|Oropouche_virus	AWU66941	Oropouche virus	BeH 29086	1961	Homo sapiens	Brazil	South America	Simbu
AWU66945|Oropouche_virus	AWU66945	Oropouche virus						Simbu
AWU66949|Oropouche_virus	AWU66949	Oropouche virus						Simbu
AWU66973|Oropouche_virus	AWU66973	Oropouche virus	BeAr 366927	1979	Culicoides paraensis	Brazil	South America	Simbu
AAO11841|Oropouche_virus	AAO11841	Oropouche virus	BeAn19991	1960	Bradypus tridactylus	Brazil	South America	Simbu
AWU66937|Oropouche_virus	AWU66937	Oropouche virus	BeAr 19886	1960	Ochlerotatus serratus	Brazil	South America	Simbu
AJE24678|Oropouche_virus	AJE24678	Oropouche virus	BeAn19991	1960	Bradypus tridactylus	Brazil	South America	Simbu
ALB07205|Oropouche_virus	ALB07205	Oropouche virus	TVP-19264/PAN-481126	1999	Homo sapiens	Panama	North America	Simbu
ALB07198|Oropouche_virus	ALB07198	Oropouche virus	TVP-19254/GML-480914	1989	Homo sapiens	Panama	North America	Simbu
ASZ70170|Oropouche_virus	ASZ70170	Oropouche virus	NA	1961	NA	NA	South America	Simbu
AJR29359|Oropouche_virus	AJR29359	Oropouche virus	TRVL9760	1955	NA	"Trinidad and Tobago: Trinidad, Sangre Grande"	South America	Simbu
ALB07197|Oropouche_virus	ALB07197	Oropouche virus						Simbu
ALB07196|Oropouche_virus	ALB07196	Oropouche virus	TVP-19249/GML-444672	1989	Homo sapiens	Panama	North America	Simbu
QFI57497|Oropouche_virus	QFI57497	Oropouche virus	OROV/EC/Esmeraldas/210/2016	2016	Homo sapiens	Ecuador	South America	Simbu
QFI57493|Oropouche_virus	QFI57493	Oropouche virus	OROV/EC/Esmeraldas/057/2016	2016	Homo sapiens	Ecuador	South America	Simbu
QFI57495|Oropouche_virus	QFI57495	Oropouche virus	OROV/EC/Esmeraldas/171/2016	2016	Homo sapiens	Ecuador	South America	Simbu
QFI57496|Oropouche_virus	QFI57496	Oropouche virus						Simbu
ATJ00128|Oropouche_virus	ATJ00128	Oropouche virus	OROV/EC/Esmeraldas/087/2016	2016	Homo sapiens	Ecuador	South America	Simbu
QFI57494|Oropouche_virus	QFI57494	Oropouche virus	OROV/EC/Esmeraldas/155/2016	2016	Homo sapiens	Ecuador	South America	Simbu
UYI36398|Oropouche_orthobunyavirus	UYI36398	Oropouche orthobunyavirus						Simbu
QCY50873|Oropouche_orthobunyavirus	QCY50873	Oropouche orthobunyavirus	FCT00025/COL/2017	2017	Homo sapiens	Colombia	South America	Simbu
UYI36404|Oropouche_orthobunyavirus	UYI36404	Oropouche orthobunyavirus						Simbu
UYI36401|Oropouche_orthobunyavirus	UYI36401	Oropouche orthobunyavirus						Simbu
UGL84925|Oropouche_orthobunyavirus	UGL84925	Oropouche orthobunyavirus	OROV/Saul/17225/2020	2020	Homo sapiens	French Guiana	South America	Simbu
ALB07199|Oropouche_virus	ALB07199	Oropouche virus	TVP-19256/IQE-7894	2008	Homo sapiens	Peru	South America	Simbu
ALB07202|Oropouche_virus	ALB07202	Oropouche virus	TVP-19259/IQT-7085	1998	Homo sapiens	Peru	South America	Simbu
ALB07203|Oropouche_virus	ALB07203	Oropouche virus	TVP-19260/MD-203	1994	Homo sapiens	Peru	South America	Simbu
ALB07201|Oropouche_virus	ALB07201	Oropouche virus	TVP-19258/IQT-4083	1997	Homo sapiens	Peru	South America	Simbu
ALB07204|Oropouche_virus	ALB07204	Oropouche virus	TVP-19262/OBS-9478	2000	Homo sapiens	Peru	South America	Simbu
ALB07200|Oropouche_virus	ALB07200	Oropouche virus	TVP-19257/IQT-1690	1995	Homo sapiens	Peru	South America	Simbu
ALB07195|Oropouche_virus	ALB07195	Oropouche virus	TVP-19244/DEI-216	1992	Homo sapiens	Peru	South America	Simbu
QIM41036|Oropouche_virus	QIM41036	Oropouche virus	OV/Homo sapiens/Haiti-1/2014	2014	Homo sapiens	Haiti	South America	Simbu
AJT39465|Oropouche_virus	AJT39465	Oropouche virus	BeH759620	2009	Homo sapiens	Brazil	South America	Simbu
AJT39477|Oropouche_virus	AJT39477	Oropouche virus	BeH759025	2009	Homo sapiens	Brazil	South America	Simbu
AJT39481|Oropouche_virus	AJT39481	Oropouche virus						Simbu
AJT39485|Oropouche_virus	AJT39485	Oropouche virus	BeH759021	2009	Homo sapiens	Brazil	South America	Simbu
AJT39473|Oropouche_virus	AJT39473	Oropouche virus	BeH759040	2009	Homo sapiens	Brazil	South America	Simbu
AJT39489|Oropouche_virus	AJT39489	Oropouche virus	BeH759024	2009	Homo sapiens	Brazil	South America	Simbu
AJT39453|Oropouche_virus	AJT39453	Oropouche virus	BeH759146	2009	Homo sapiens	Brazil	South America	Simbu
AJT39469|Oropouche_virus	AJT39469	Oropouche virus	BeH759529	2009	Homo sapiens	Brazil	South America	Simbu
QWT43265|Oropouche_virus	QWT43265	Oropouche virus	Bel90435/H853382	2018	Homo sapiens	Brazil	South America	Simbu
AJT39461|Perdoes_virus	AJT39461	Perdoes virus						Simbu
AJT39457|Perdoes_virus	AJT39457	Perdoes virus	BeAn790177	2012	Callithrix penicillata	Brazil	South America	Simbu
AIK67307|Iquitos_virus	AIK67307	Iquitos virus	MIS-0397	2009	Homo sapiens	Peru: Lima	South America	Simbu
AHY22332|Iquitos_virus	AHY22332	Iquitos virus	IQT9924	1999	Homo sapiens	Peru	South America	Simbu
AIK67311|Madre_de_Dios_virus	AIK67311	Madre de Dios virus	INHRR 17a-10	2010	Cebus sp.	Venezuela: Anzoategui State	South America	Simbu
AHY22333|Madre_de_Dios_virus	AHY22333	Madre de Dios virus	FMD 1303	2007	Homo sapiens	Peru	South America	Simbu
AFI24668|Jatobal_virus	AFI24668	Jatobal virus	BeAn 423380	1984	Nasua nasua	Brazil	South America	Simbu
AHY22337|Utive_virus	AHY22337	Utive virus	Pan An 48878	1975	Bradypus variegatus	Panama	North America	Simbu
AHY22336|Utinga_virus	AHY22336	Utinga virus	Be An 84785	1965	Bradypus tridactylus	Brazil	South America	Simbu
WBP50001|Cat_Que_virus	WBP50001	Cat Que virus						Simbu
QEV83986|Oya_virus	QEV83986	Oya virus	GD18234	2018	midge	China	Asia	Simbu
AGS56984|Oya_virus	AGS56984	Oya virus	SC0806	2008	mosquito	China	Asia	Simbu
AXQ05038|Cat_Que_virus	AXQ05038	Cat Que virus	JM1	1961	Acridotheres fuscus	India	Asia	Simbu
ARF07019|Oya_virus	ARF07019	Oya virus	NIV86209	1986	Homo sapiens	India	Asia	Simbu
AXP32042|Oya_virus	AXP32042	Oya virus	VN04-2108	2002	Culex sp.	"Viet Nam: Cat Que, Ha Tay province"	Asia	Simbu
AFI24663|Cat_Que_virus	AFI24663	Cat Que virus	VN04-2108	2004	Culex sp.	Viet Nam	Asia	Simbu
AKO22295|Manzanilla_virus	AKO22295	Manzanilla virus	DHL10M107	2010	Culex tritaeniorhynchus (mosquito)	China	Asia	Simbu
AXQ05041|Balagodu_virus	AXQ05041	Balagodu virus	PB1	1963	Ardeola grayii	India	Asia	Simbu
AHY22331|Ingwavuma_virus	AHY22331	Ingwavuma virus	SA An 4165	1959	Hyphanturgus ocularis	South Africa	Africa	Simbu
ATI21267|Mermet_virus	ATI21267	Mermet virus	TX-809	2002	Mniotilia varia	USA	North America	Simbu
AHY22335|Mermet_virus	AHY22335	Mermet virus	AV 782	1964	Progne subis	USA	North America	Simbu
AHY22334|Manzanilla_virus	AHY22334	Manzanilla virus	TRVL 3586	1954	Alouatta seniculus	Trinidad and Tobago: Trinidad	South America	Simbu
AXP32010|Buttonwillow_virus	AXP32010	Buttonwillow virus	A 7956	1961	Sylvilagus audubonii	"USA: Kern County, CA"	North America	Simbu
AHY22338|Buttonwillow_virus	AHY22338	Buttonwillow virus	BFS 5002	1964	Culicoides sp.	USA	North America	Simbu
AXP32070|Thimiri_orthobunyavirus	AXP32070	Thimiri orthobunyavirus	VRC 66414	1963	Ardeola grayii (sykes)	"India: Thimiri, Walljah Tk., N. Arcot District"	Asia	Simbu
AHY22330|Facey_s_Paddock_virus	AHY22330	Facey s Paddock virus						Simbu
QCT81363|Leanyer_virus	QCT81363	Leanyer virus	cs503	1974	Culicoides sp.	Australia	Oceania	Ungrouped
AEA02985|Leanyer_virus	AEA02985	Leanyer virus	AusN16701	1974	Anopheles meraukensis	"Australia: Leanyer, Northern Territory"	Oceania	Ungrouped
QCT81361|Leanyer_virus	QCT81361	Leanyer virus	cs0002	1984	Culicoides sp.	Australia	Oceania	Ungrouped
QCT81362|Leanyer_virus	QCT81362	Leanyer virus	cs0010	1974	mixed Culicoides species	Australia	Oceania	Ungrouped
AXP32058|Sedlec_virus	AXP32058	Sedlec virus	Av 172	1984	Acrocephalus scirpaceus	Czech Republic: Sedlec	Europe	Simbu
QLA46909|Oriboca_virus	QLA46909	Oriboca virus						Group C
AGW82130|Oriboca_virus	AGW82130	Oriboca virus	BeAn17	1954	Cebus apella	Brazil	South America	Group C
AVX48974|Oriboca_virus	AVX48974	Oriboca virus	BeAn17	1954	Sapajus apella	Brazil	South America	Group C
QLA46907|Oriboca_virus	QLA46907	Oriboca virus	M17031	1954	Monkey	Brazil	South America	Group C
QLA46921|Murutucu_virus	QLA46921	Murutucu virus	BeAn 974	1955	Sapajus apella (Sentinel)	Brazil	South America	Group C
AKB96245|Murutucu_virus	AKB96245	Murutucu virus	BeAn 974	1955	Cebus apella	Brazil	South America	Group C
AVX48966|Murutucu_virus	AVX48966	Murutucu virus	BeAn974	1955	Sapajus apella	Brazil	South America	Group C
QLA46893|Restan_virus	QLA46893	Restan virus	TRVL 51144	1963	Culex sp.	Trinidad and Tobago	South America	Group C
AKB96246|Restan_virus	AKB96246	Restan virus	TRVL 51144	1963	Culex (Melanoconium) sp.	Trinidad and Tobago: Trinidad	South America	Group C
AWU66320|Orthobunyavirus_sp.	AWU66320	Orthobunyavirus sp.	IQE7743	2008	Homo sapiens; gender F; age 46	Peru: Iquitos	South America	Group C
AEY62397|Marituba_virus	AEY62397	Marituba virus	IQE7620	2008	Homo sapiens; gender F; age 14	Peru	South America	Group C
QLA46931|Marituba_virus	QLA46931	Marituba virus	BeAn 15	1954	Sapajus apella (adult male) (Sentinel)	Brazil	South America	Group C
AGW82126|Marituba_virus	AGW82126	Marituba virus	BeAn15	1954	Cebus apella	Brazil	South America	Group C
AVX48962|Marituba_virus	AVX48962	Marituba virus						Group C
AVX48958|Madrid_virus	AVX48958	Madrid virus	BT4075	1961	Homo sapiens	Brazil	South America	Group C
AVX48946|Apeu_virus	AVX48946	Apeu virus	BeAn848	1955	Sapajus apella	Brazil	South America	Group C
QLA46957|Gumbo_Limbo_virus	QLA46957	Gumbo Limbo virus	FE3-71H	1963	Culex sp.	USA	North America	Group C
AKB96244|Gumbo_Limbo_virus	AKB96244	Gumbo Limbo virus	Fe371H2	1963	Culex (Melanoconium) sp.	USA	North America	Group C
QLA46917|Nepuyo_virus	QLA46917	Nepuyo virus	HB7-451	1967	Artibeus jamaicensis serum	Honduras	North America	Group C
AVX48970|Nepuyo_virus	AVX48970	Nepuyo virus	BeAn10709	1959	sentinel mouse	Brazil	South America	Group C
AKB96247|Nepuyo_virus	AKB96247	Nepuyo virus	TRVL 18462	1957	Culex accelerans	Trinidad and Tobago: Trinidad	South America	Group C
AGW82153|Orthobunyavirus_FSL2923	AGW82153	Orthobunyavirus FSL2923	FSL2923	2006	Homo sapiens; gender M; age 59	Peru: Yurimaguas	South America	Group C
AJZ73167|Itaya_virus	AJZ73167	Itaya virus	IQT9646	1999	Homo sapiens	Peru: Iquitos	South America	Group C
AGW82149|Caraparu_virus	AGW82149	Caraparu virus	IQD5973	2003	Homo sapiens; gender F; age 17	Peru: Iquitos	South America	Group C
AWU66302|Orthobunyavirus_sp.	AWU66302	Orthobunyavirus sp.	IQE3155	2006	Homo sapiens; gender M; age 27	Peru: Iquitos	South America	Group C
AWU66324|Orthobunyavirus_sp.	AWU66324	Orthobunyavirus sp.	FMD2329	2009	Homo sapiens; gender M; age 22	Peru: Puerto Maldonado	South America	Group C
AGW82157|Caraparu_virus	AGW82157	Caraparu virus	FMD0783	2006	Homo sapiens; gender M; age 21	Peru: Puerto Maldonado	South America	Group C
AWU66318|Orthobunyavirus_sp.	AWU66318	Orthobunyavirus sp.	FMD1881	2008	Homo sapiens; gender M; age 28	Peru: Puerto Maldonado	South America	Group C
AGW82145|Caraparu_virus	AGW82145	Caraparu virus	FVB0426	2008	Homo sapiens; gender F; age 24	Bolivia: Cochabamba	South America	Group C
AVX48950|Caraparu_virus	AVX48950	Caraparu virus	BeAn3994	1956	Sapajus apella	Brazil	South America	Group C
AGW82134|Caraparu_virus	AGW82134	Caraparu virus	BeAn3994	1956	Cebus apella	Brazil	South America	Group C
QLA46975|Caraparu_virus	QLA46975	Caraparu virus	BeAn 3994	1956	Sapajus apella (Sentinel)	Brazil	South America	Group C
QLA46950|Itaqui_virus	QLA46950	Itaqui virus	BeAn 12797	1959	Mus musculus	Brazil	South America	Group C
AVX48954|Itaqui_virus	AVX48954	Itaqui virus	BeAn12797	1959	sentinel mouse	Brazil	South America	Group C
QLA46935|Madrid_virus	QLA46935	Madrid virus	BT 4075	1961	36 yr male human	Panama	North America	Group C
AGW82138|Madrid_virus	AGW82138	Madrid virus	BT4075	1956	Homo sapiens; gender M; age 36	Panama	North America	Group C
QLA46883|Vinces_virus	QLA46883	Vinces virus	24188	1976	sentinel hamster	Ecuador	South America	Group C
QLA46982|Bruconha_virus	QLA46982	Bruconha virus	77V14676	1976	Culex (Melanoconion) sp.	Brazil	South America	Group C
AKB96243|Bruconha_virus	AKB96243	Bruconha virus	77V74814	1977	sentinel mouse	Brazil	South America	Group C
UYS78539|Bruconha_orthobunyavirus	UYS78539	Bruconha orthobunyavirus						Group C
QLA47001|Ananindeua_virus	QLA47001	Ananindeua virus	BeAn 109303	1966	Caluromys philander	Brazil	South America	Guama
APM83095|Ananindeua_virus	APM83095	Ananindeua virus	BEAN109303	1966	Caluromys philander	Brazil	South America	Guama
AXY55022|Ananindeua_virus	AXY55022	Ananindeua virus	BeAn20525	1960	sentinel mouse	Brazil	South America	Guama
ALS54742|El_Huayo_virus	ALS54742	El Huayo virus	IQT110	2013	Culex portesi	Peru	South America	Group C
AKO90163|Moju_virus	AKO90163	Moju virus	BeAr 12590	1959	Culex (Melanoconion) sp.	Brazil	South America	Guama
AKO90158|Catu_virus	AKO90158	Catu virus	BeH 151	1955	Homo sapiens	Brazil	South America	Guama
AKO90160|Guama_virus	AKO90160	Guama virus	BeAn 277	1955	Cebus apella	Brazil	South America	Guama
AKO90157|Bimiti_virus	AKO90157	Bimiti virus	TRVL 8362	1955	Culex spissipes	Trinidad and Tobago	South America	Guama
ALP92135|Mahogany_hammock_virus	ALP92135	Mahogany hammock virus	FE4-2s	1964	Culex (Melanoconion) sp.	USA	North America	Guama
QLA47014|Timboteua_virus	QLA47014	Timboteua virus	BeAn 116382	1967	Mus musculus (Sentinal)	Brazil	South America	Guama
QLA47078|Bushbush_virus	QLA47078	Bushbush virus	TRVL 26668	1959	Culex accelerans	Trinidad and Tobago	South America	Capim
QLA47054|Moriche_virus	QLA47054	Moriche virus	TRVL 57896	1964	Culex amazonensis	Trinidad and Tobago	South America	Capim
QLA47064|Juan_Diaz_virus	QLA47064	Juan Diaz virus	MARU 8563	1962	mouse (sentinel)	Panama	North America	Capim
QLA46960|Guajara_orthobunyavirus	QLA46960	Guajara orthobunyavirus	18315	1975	Mesocricetus auratus	Ecuador	South America	Capim
AMR98956|Capim_virus	AMR98956	Capim virus	BeAn8582	1958	Caluromys philander	"Brazil: Utinga Forest, Para State"	South America	Capim
ALP92388|Capim_virus	ALP92388	Capim virus	BeAn 8582	1958	Caluromys philander (woolly opossum)	Brazil	South America	Capim
AKO90159|Guajara_orthobunyavirus	AKO90159	Guajara orthobunyavirus	BeAn 10615	1959	Mus musculus	Brazil	South America	Capim
QLA47108|Acara_virus	QLA47108	Acara virus	BeAn 27639	1961	Mus musculus	Brazil	South America	Capim
QLA47087|Benevides_virus	QLA47087	Benevides virus	BeAr 153564	1968	Mus musculus	Brazil	South America	Capim
QLA47084|Benfica_virus	QLA47084	Benfica virus	71U344	1905	Hamster	Peru	South America	Capim
QLA46927|Minatitlan_virus	QLA46927	Minatitlan virus	M67U5	1967	Mesocricetus auratus	Mexico	North America	Minatitlan
QLA47081|Bertioga_virus	QLA47081	Bertioga virus	76V25643	1976	Culex (Melanoconion) sp.	Brazil	South America	Guama
QLA47075|Cananeia_virus	QLA47075	Cananeia virus	SPAn 64962	1976	Mus musculus	Brazil	South America	Guama
QLA47070|Guaratuba_virus	QLA47070	Guaratuba virus	76V25271	1976	Culex taeniopus	Brazil	South America	Guama
QLA47067|Itimirim_virus	QLA47067	Itimirim virus	SPAn 47817	1976	Oryzomys sp.	Brazil	South America	Guama
QLA46924|Mirim_virus	QLA46924	Mirim virus	BeAn 7722	1957	Sapajus apella (Sentinel)	Brazil	South America	Guama
APM83098|Mirim_virus	APM83098	Mirim virus	BEAN7722	1957	Sapajus apella	Brazil	South America	Guama
QLA47101|Mirim-like_virus	QLA47101	Mirim-like virus	75V1183	1974	Culex paracrybda	Ecuador	South America	Guama
QLA46872|Zegla_virus	QLA46872	Zegla virus	BT 5012	1961	Sigmodon hispidus	Panama	North America	Patois
AXP33562|Zegla_virus	AXP33562	Zegla virus	BT5012	1961	Sigmodon hispidus	Panama	North America	Patois
QLA46901|Patois_virus	QLA46901	Patois virus	BT 4971	1961	Sigmodon hispidus	Panama	North America	Patois
AXP33560|Patois_virus	AXP33560	Patois virus	63A49	1963	Culex sp.	Mexico	North America	Patois
QLA47044|Pahayokee_virus	QLA47044	Pahayokee virus	FE3-52F	1963	Culex (Melanoconion) sp.	USA	North America	Patois
AXP33561|Shark_River_virus	AXP33561	Shark River virus	64U80	1964	sentinel hamster	Mexico	North America	Patois
UWX37293|Patois_orthobunyavirus	UWX37293	Patois orthobunyavirus						Patois
QLA47005|Abras_virus	QLA47005	Abras virus	75V1183	1974	Culex paracrybda	Ecuador	South America	Patois
AXP33558|Abras_virus	AXP33558	Abras virus	75V1183	1974	Culex paracrybda	Ecuador	South America	Patois
AXP31986|Babahoya_virus	AXP31986	Babahoya virus	75V2858	1975	Aedes spp	Ecuador	South America	Patois
AXP33559|Babahoya_virus	AXP33559	Babahoya virus	75V2858	1975	Culex ocossa	Ecuador	South America	Patois
ANI69984|Bellavista_virus	ANI69984	Bellavista virus	PRD0552	2009	Culex (Melanoconion) portesi	Peru: Iquitos	South America	Guama
QLA46971|Enseada_virus	QLA46971	Enseada virus	78V213	1976	Culex epanatasis	Brazil	South America	Ungrouped
AMR98952|Enseada_virus	AMR98952	Enseada virus	76V-25880	1976	Culex epanatasis	"Brazil: Cananeia Town, Sao Paulo State"	South America	Ungrouped
AGS94386|Brazoran_virus	AGS94386	Brazoran virus	Original	2012	Culex sp.	USA	North America	Ungrouped
AKO90165|Tete_orthobunyavirus	AKO90165	Tete orthobunyavirus	SAAn 3518	1959	Ploceus cucullatus	South Africa	Africa	Tete
AJT55735|Tete_orthobunyavirus	AJT55735	Tete orthobunyavirus	SaAn 3518	1959	Ploceus cucullatus	"South Africa: Natal, Ndumu"	Africa	Tete
QLA46991|Batama_virus	QLA46991	Batama virus	DakAnB 1292	1970	Euplectes afer	Central African Republic	Africa	Tete
AED98377|I612045_virus	AED98377	I612045 virus	NA	1961	NA	India	Asia	Tete
AKO90169|Matruh_virus	AKO90169	Matruh virus	An 1047-61	1961	Sylvia curraca	Egypt	Africa	Tete
AKO90156|Bahig_virus	AKO90156	Bahig virus	EgB 90	1966	Oriolus oriolus	Egypt	Africa	Tete
QLA46879|Weldona_virus	QLA46879	Weldona virus	77V5691	1976	pool of 120 midges	USA	North America	Tete
QBH98892|Ness_Ziona_virus	QBH98892	Ness Ziona virus	H234A	2016	horse	Israel	Asia	Ungrouped
AEE01391|Oyo_virus	AEE01391	Oyo virus	NA	1964	NA	Nigeria	Africa	Ungrouped
ALQ43836|Gan_Gan_virus	ALQ43836	Gan Gan virus	NB6057	1970	Aedes vigilax	Australia	Oceania	Mapputta
AGX00984|Salt_ash_virus	AGX00984	Salt ash virus	931	1992	Aedes vigilax	"Australia: Port Stephens, New South Wales"	Oceania	Mapputta
APF29571|Gan_Gan_virus	APF29571	Gan Gan virus	12005	1992	Aedes vigilax	Austrailia	Oceania	Mapputta
AOZ21156|Gan_Gan_virus	AOZ21156	Gan Gan virus	K42904	2000	Aedes vigilax	"Australia: Derby, Western Australia"	Oceania	Mapputta
AJD77607|Maprik_virus	AJD77607	Maprik virus	MK7532	1966	Verrallina funerea complex sp.	Australia	Oceania	Mapputta
AKO90170|Mapputta_virus	AKO90170	Mapputta virus	MRM186	1960	Anopheles meraukensis	Australia	Oceania	Mapputta
AJD77604|Mapputta_virus	AJD77604	Mapputta virus	MRM186	1960	Anopheles meraukensis	Australia	Oceania	Mapputta
AJD77610|Buffalo_Creek_virus	AJD77610	Buffalo Creek virus	DPP186	1982	Anopheles meraukensis	Australia	Oceania	Mapputta
AGX00981|Murrumbidgee_virus	AGX00981	Murrumbidgee virus	934	1997	Anopheles annulipes	"Australia: Griffith, New South Wales"	Oceania	Mapputta
AHL27169|Khurdun_virus	AHL27169	Khurdun virus	LEIV-Ast01-6	2001	Fulica atra	"Russia: Volga river delta, Astrakhan district"	Europe	NA
